tau=0.01,tau=0.05,tau=0.1,tau=0.5,tau=1,tau=5,naive
0.21695825859285642,0.6390126090948611,0.17775824037852594,0.04751429337294029,0.20802638024249648,0.42462101399564034,0.001900996220523199
0.5417975625612006,0.5115639403905113,0.8934753640303531,0.5596439316977886,0.6936205293033977,0.7757135467423065,4.743142280483337e-05
0.1347334657179403,0.41716839674870615,0.4142869146710059,0.9727213145382574,0.40831888761034735,0.3991126274521998,0.02264783109945867
0.4902024613647945,0.33506846751830394,0.13012162095440313,0.05407865664909056,0.6804259978141265,0.31757578410316467,0.0005909277049882533
0.908672968248257,0.7500382881417113,0.5204225008925234,0.5332569677142504,0.8886647251336891,0.1802111406626893,1.2128410753486918e-07
0.16800590771800644,0.20753534013950883,0.5715272636014772,0.5154928239959009,0.610984443480171,0.6016787851570295,8.626644445552945e-05
0.5286253328477902,0.05949568100879087,0.10383523393903814,0.32584370764441384,0.08631681765162422,0.14991354869358434,0.006520578863248194
0.3575797720777416,0.20211681038659526,0.6646503704259245,0.8839184492291411,,0.1097666057077988,5.4488092086524276e-05
0.5705854587367676,0.09314071586037904,0.9879664712958565,0.9564125615925688,0.7959788535617711,0.8313531100541985,0.15862941317819546
0.16539065064392675,0.6372175578028996,0.700248799655459,0.82195154663613,0.16449583084278085,0.24521168940059282,8.050792588143452e-09
0.11813986119283162,0.7184203029435945,0.8015707813204207,0.5063652930140988,0.36991619821692595,0.8556694318514437,0.0026316651295249516
0.7788657554567555,0.7732912342908568,0.21049420812961234,0.7938389462038425,0.04903824458029464,0.460291220956879,1.9670766006063545e-06
0.32456974091944407,0.9967337286020926,0.9851186465348645,0.0538753564066216,0.4320980925820432,0.28113278627288596,1.1441967958325527e-05
0.05597602367911635,0.18355327875242297,0.37722980387707183,0.1865475310101149,0.46262100746959267,0.39988027655781044,5.959610505423818e-06
0.32205867926272397,0.20187322552271475,0.7277269450991438,0.024177723920266053,0.8466895396205782,0.6228190665210402,0.0007439796958931266
0.47138674167651295,0.9852193671064529,0.8449082752934542,0.46186073000320654,0.6081574269550931,0.20073140628151956,0.006956410189753459
0.3062638161824287,0.22289590309600518,0.6601657880337286,0.99545835217931,0.12838001447710937,0.9745477531077903,0.00021729548618709682
0.9301049907513039,0.9557631523968887,0.3450133736255077,0.4305866798979128,0.38712457173567627,0.7550725885937742,1.6153518130890276e-06
0.3768575473162761,0.30635373825494605,0.2581530270464193,0.9719331734800881,0.7331775003589006,0.7341752545342698,0.00218245085597335
0.6819067136817109,0.36335168926174255,0.6059017533299339,0.9261804244513151,0.7948879785989826,0.4654817042824913,0.0006339179983981813
0.9898136235086777,0.8513316410039853,0.6985584132255102,0.7308561138485613,0.949843156611341,0.36762015110621526,1.6116361478468733e-05
0.2204012539549988,0.48367693910278287,0.40490875738334164,0.13416908424421337,0.9816746806276128,0.5040411613235118,4.995704770305309e-05
0.7067797300582238,0.4685685646996155,0.5848495818650835,0.03946953684500096,0.5295415714837988,0.5247448564220973,0.00012274940350209818
0.6713385825891581,0.5131458019820748,0.6768700844181262,0.7691714123946618,0.6870316008522261,0.6383746649047805,0.0006972699980702934
0.4316158122875899,0.18908972240725924,0.3801481394606738,0.0875565428864306,0.23786463747589262,0.2858330435619026,1.8492704341177557e-05
0.004602624683824487,0.14311048435801355,0.14698333759944748,0.5851674290911786,0.11407667667488536,0.11536075670889621,2.8803259366494416e-07
0.8122501243337741,0.6116302307332404,0.5020114219240858,0.6517128578932324,0.7126339468944717,0.8010779052909144,0.0001848659254717333
0.5111660915180378,0.6007155364942091,0.6239008461975855,0.28847620823125114,0.14070708529269624,0.02523725695212556,0.03726728852918482
0.36058749709243093,0.1775128545232996,0.9068686042120219,0.714943048035041,0.8468081145075346,0.48843061029379553,5.49026871062841e-05
0.4034867898210314,0.7903075243367004,0.8328027762452992,0.5693172251396823,0.5280152093327216,0.061967254784837986,0.03932947831417355
0.3514644628930656,0.2749191583127495,0.05687445217240577,0.14427628480547597,0.694099535213046,0.14040036068415415,0.0038127204029843043
0.8580211162952497,0.70767613091487,0.5735285857447364,0.03982497117646446,0.24100739884880382,0.6737321150355494,9.71862355008124e-05
0.36264475166756527,0.91045884445581,0.04555951241597439,0.24961737120344055,0.08872024005780273,0.24869836199744141,1.9934141744282208e-05
0.22310877886615088,0.08664253243864087,0.8892199959548378,0.45942304485044894,0.03843472523401462,0.42388761854907325,0.0029741336444168986
0.5571096085430516,0.7714955562330588,0.9760622348960516,0.6817438714197747,0.231195197837427,0.5387338799501333,0.014484338208441305
0.886848617730358,0.6470437007252707,0.4733209964116387,0.8356154941626407,0.9081631984764345,0.658822140184747,3.329049880207435e-08
0.08829348867557403,0.647207768155442,0.5891464823693292,0.3074327330819363,0.7223214232225824,0.10874662580677141,1.132946692794512e-06
0.546472550512005,0.5485386564045438,0.10893064323223547,0.39900567491000627,0.14980510416263282,0.4626503509218932,0.00017394249320401567
0.09099617500357926,0.9965500245699348,0.8449706728682769,0.21290832045622068,0.604887532785092,0.19775864968901086,0.003649472180896951
0.839073586209102,0.5581098344893272,0.07582593122027814,0.8091847645508344,0.037691930862471704,0.0014092281641614436,3.617474095485296e-05
0.48754579749793536,0.18335890186969792,0.6852811747869111,0.133865179428344,0.5313401763873592,0.46259918105291514,0.00013782946941520713
0.8944794023285342,0.8153224546103199,0.1995953351815298,0.5530329787945227,0.5928955748328418,0.1452312875008564,0.0029091532683920285
0.030993558044711888,0.900668228886055,0.7342589644369534,0.32266991158646413,0.4324295771233066,0.10176814274574557,3.939379969963852e-05
0.8094566909019041,0.9895020333224389,0.28124214474793463,0.046234704525969034,0.04823999751363277,0.5656889399044773,0.006048788792822224
0.13885050859503978,0.9237950045056605,0.23167319912636086,0.45568480779652115,0.33999059969826634,0.873930057790841,0.00013317209270957697
0.8746749892476784,0.9489056252088528,0.8934054824815219,0.9539624813078033,0.49423242492371455,0.40956324481145756,0.0024559922969036307
0.15756611912087642,0.9691736609204105,0.44465336606335015,0.24602433036242705,0.969745241587189,0.031033051059940035,4.662206755745579e-05
0.3384602250939167,0.07363710988079394,0.44994145684795744,0.7285058009055319,0.6784701477179198,0.7810494298254959,2.208761843425222e-07
0.942860270603326,0.05272527798207912,0.6136700801705909,0.6879543834912993,0.7743079338201969,0.9746040880105271,0.001003757833804353
0.25082451296032865,0.30939209482099794,0.9097581254302036,0.0869974455557637,0.30906835037700175,0.9188851029156359,0.00039812630577951147
0.0035088373035083724,0.3714457341211695,0.8724634252398882,0.7957501092664728,0.5169047880724554,0.6390666858064955,2.4879264263644174e-05
0.33891806530333574,0.00209222120684006,0.4418718805708709,0.5992624801067014,0.760347757314616,0.6611491328350025,0.0016866222013228738
0.5414461283591411,0.40995753127019324,0.09069762018537872,0.4984035697639682,0.27419044341741433,0.6062432086913101,0.0006583999253950701
0.9626655678275006,0.4701702965581838,0.47998362922288357,0.3877284468231488,0.1557445419266672,0.9900550046403543,7.354576633344934e-05
0.7359808089946758,0.13226759257409446,0.9537729311295439,0.6260950684670379,0.1361207346579231,0.8951311720558607,0.001655263797895934
0.8839509991021148,0.4527170198934371,0.5843215625480318,0.4677816896961086,0.06946896049523837,0.8863794267480405,4.091921680271504e-06
0.06710831317084452,0.829032742401525,0.18566761835469067,0.8100217106468852,0.20520143804024477,0.7599108792901034,2.6138629244942813e-05
0.6618905034740545,0.3756629153634171,0.6230088230355272,0.21568814883876955,0.13198440027055403,0.4008076271920884,0.0009081813794417082
0.894705811685545,0.8486395050527815,0.8334057800701354,0.914840602882198,0.3348780997708516,0.49297373175264475,2.012989241173546e-05
0.5434593379137557,0.5175277175833997,0.020556355009432734,0.041628983580711376,0.05930469239209136,0.617756950596183,1.5450884257806052e-05
0.7629403753875563,0.6453930605985226,0.845052985788054,0.35165299086615937,0.27218828559171054,0.9199069636829748,1.9751024494807368e-05
0.6384442443992246,0.22340779444977085,0.5345132502723422,0.5727210294275049,0.23160803493529192,0.042194664586302444,0.00035659186527337017
0.967722133986675,0.16284274875856913,0.8385997229470904,0.06368673148712777,0.2799224125135284,0.832529532491813,2.672449530449761e-06
0.13317992768826697,0.0004537417287210338,0.07579538238725483,0.7488554411172436,0.12558432948234188,0.1434785154011014,0.002711120388739663
0.053575629383286236,0.01927925600479004,0.10431958063840194,0.3931230388207974,0.057352074486426444,0.21770453962805147,6.208298319909655e-05
0.3838943661579697,0.8961472717595408,0.3926600988778384,0.030320687062684964,0.22781407219496191,0.6915126566388151,2.4318023653768783e-05
0.3106742414439584,0.18821637894623908,0.76146541465064,0.06661963852862114,0.6677505858249643,0.5941355335063169,1.5982400425329502e-07
0.9452492167636579,0.18442416264694914,0.461266767497987,0.7491124640888097,0.7100864388257065,0.7367092478627814,0.00025798783992248
0.5255961307310224,0.686128453872163,0.9225645472915373,0.4111995112505391,0.1620220042268395,0.4421305811160366,0.023341184926660485
0.6703799282618335,0.8550449705713374,0.10120053657187068,0.8937518790779451,0.7636456258119582,0.1094263998668589,0.11349686479664789
0.08447938334266189,0.1680701681882862,0.03967479267953224,0.5024184663856165,0.6902087403079802,0.8851088071518562,5.2723670499021935e-05
0.1858254559896373,0.5099256849142173,0.35493489424464186,0.17965310861517092,0.8522106786483012,0.4802053582483807,1.5492807292627475e-06
0.9412596073020081,0.6170636715198079,0.9978446560497977,0.7481199186550895,0.5160105455888029,0.7451854343525243,2.3102258687179855e-06
0.4050481095955732,0.8483586190174783,0.8758475336876216,0.9990907368407272,0.9924689275023583,0.33743797095850336,3.3528704248109165e-05
0.1194298606214059,0.25950530706912467,0.4497055798022222,0.34826681408566795,0.6242778007775222,0.2801334346649661,0.0007889183232407948
0.8100388354472478,0.9465131004860379,0.5957899650240881,0.4828538372844269,0.20277590901281078,0.48325256547815415,0.00013138490796260616
0.9844870193969795,0.3110736042648583,0.8601382251158306,0.6482805965648247,0.15152234556938768,0.9236793199893141,4.231533539567067e-06
0.8363058559016636,0.27115513903766614,0.7651750276577641,0.11827586089446003,0.874496341246102,0.704728176114003,0.0004284881545650876
0.3103211368990573,0.9227403688837527,0.1905675933825856,0.9515525356219505,0.958248801737214,0.24891318186387718,0.00014538587335555242
0.6514783389654338,0.14343160594181664,0.09961603354721857,0.3489102194814566,0.7472843043865622,0.35533354105492254,6.517362520819248e-05
0.22155614264250784,0.9557501734089298,0.8072896880710143,0.6893371164008992,0.5260571927487377,0.8031329322416901,0.00010291808211881914
0.9562458387372411,0.5315857363234812,0.2716013293862452,0.6142687953904483,0.6728526604439188,0.8445941247318872,5.915332656258876e-06
0.323015550329065,0.1485574555840429,0.7592855267348442,0.3563608830499326,0.8505693290535944,0.45876408355430365,0.014268373503427467
0.8983531567028696,0.4225692117044554,0.4075113817130797,0.028944714843282048,0.38916810111718747,0.3634343848677795,2.327398876122988e-05
0.0922273510985564,0.20086698327855887,0.5042397248895406,0.2491292631942384,0.8908801457619395,0.8789581982798367,0.00012622379410198725
0.41893141746391843,0.19364505940578533,0.64293202195933,0.9276976833151086,0.5236033574030771,0.4552825740042839,8.241116044138685e-05
0.2298499735850098,0.3329196102894759,0.8590839318576904,0.7169573774783503,0.34405778026001316,0.8880726421343963,5.530420610355691e-07
0.1060028575890657,0.39526641494326836,0.5409582171973135,0.6891315952246073,0.5741178499689971,0.5177127058962188,0.0038015012951400085
0.3097335128501075,0.25770846746639703,0.2684110034286372,0.6305363493761615,0.4320457198383826,0.6223679044763493,2.6306220369476385e-05
0.4017708391563454,0.7075713650544279,0.13578123185091684,0.7180704984919055,0.16142162188066256,0.18759462878675942,0.003853129553632373
0.6509983867060534,0.6392275049105001,0.5614764081015112,0.4040090852746744,0.1876046532280122,0.830483225023664,3.169488851761937e-05
0.07880772762272104,0.10819958790931687,0.8631319783143506,0.20277711493725603,0.23801132484185208,0.6845694834547628,0.0020184036072213862
0.9839494617650045,0.2734619982816822,0.48050877323065494,0.6025261180559436,0.23802464956615296,0.26208669667383716,0.02662793795446694
0.9169305209921202,0.25768546678274473,0.5023231962853711,0.02031196948727692,0.8447103854182085,0.23574829518648888,0.0025294926194758816
0.5670335656246652,0.586325804081956,0.8896201891170851,0.030098795769757884,0.9847308645690145,0.11164398287032173,0.0001237363994329721
0.10377809369487552,0.5570130263595163,0.056007475492335514,0.48799526503040896,0.694273444665278,0.872156846025481,4.4073260484944754e-05
0.509758005886093,0.9057592522079964,0.4820590560009927,0.2770693966739649,0.12806537129155818,0.961266357231002,5.608915574661921e-06
0.09441411764967177,0.4618063561797329,0.45797067192915814,0.893325165553889,0.6787463319244734,0.02860120138059819,0.0003413891085043419
0.8866002866108545,0.42490265616829337,0.7404118998449842,0.05527027705131329,0.7326773815635821,0.05953622473272917,8.279204523098382e-05
0.6401957480787207,0.9320586249536352,0.911427552851281,0.3047085254517666,0.6278575780291737,0.5299846794291101,0.0006307869313325609
0.025773841171668657,0.02400471767134383,0.4238739024483447,0.57761527954432,0.3097836581226161,0.0853258416746643,7.506801699141974e-06
0.27609449815226605,0.674614599775493,0.5236068627741424,0.6663950481580474,0.5007160393623267,0.4122594714763128,0.0019106437858573688
0.7327012070655035,0.986701862537701,0.5200037914029235,0.2521615296824057,0.9598268142459573,0.5593350898164239,0.000215203684050147
0.527764318722718,0.16712000616971137,0.981436075369388,0.34280857013311117,0.443748779013631,0.2659988177954268,0.0007210605644818457
0.2983903503517195,0.9944401851953658,0.9441779962822676,0.2454387510646012,0.7822597879887772,0.7321972608487844,6.892171034333927e-06
0.8711707272783271,0.5311697887679484,0.46459910468765847,0.3607915418730989,0.445888942026574,0.6380520686366045,8.439029584028646e-07
0.824566571989725,0.6006845404396424,0.3887448806170727,0.11681686789268544,0.7355047472087354,0.4411583853467863,6.551503334828457e-05
0.8453946130211183,0.6473792260569287,0.6339838027877719,0.5321999757483953,0.40246974755978554,0.8405278106436556,0.0016969567853627465
0.46059408641707267,0.946833743925744,0.04096617964574054,0.4061183519013595,0.7891291832437114,0.34725721535654286,0.004212648498265414
0.5875739380861035,0.8171543745851958,0.8270038319656732,0.8602059657924169,0.5052463262693764,0.22062987231692302,8.699614103935271e-05
0.795227059736955,0.37997077866185036,0.5974065306832919,0.19811007299939545,0.36718938258520356,0.8117826695426856,0.0008953893607817065
0.3838642711257675,0.7060199018180877,0.6116606271571277,0.25647140650528905,0.10725811688607041,0.4625696333375312,0.002397813458468123
0.3219900027706641,0.40830328866219573,0.46668836957522575,0.510027253202333,0.5982713894623081,0.7789080580245901,4.802151971694535e-05
0.011666257343920816,0.6506683598413318,0.8723732815363884,0.05870116354167581,0.38576808387301376,0.8758050078895362,8.277349802443545e-05
0.18541526380284698,0.1392395810458279,0.9276858836620878,0.014444148572898803,0.030348835382330106,0.25491834740637026,2.465739464230232e-05
0.6876665903176439,0.12813398473666418,0.4976565865199225,0.65852188704306,0.3909246527641029,0.2648386806299803,0.0005427656381844503
0.3298356435405612,0.5581372485480681,0.3593288491867483,0.24563653806608043,0.9306282293142365,0.021675479418654147,0.02902703783830074
0.5753505483286239,0.7549360474155924,0.7956743874394966,0.11400008635785734,0.2291461529848166,0.5068838835922564,0.0027683612843673044
0.972546353382034,0.8114168392074367,0.7442986982992549,0.8682365328493558,0.19837519756847335,0.700492418022659,0.10160574331936134
0.37923456695220775,0.5375884565498037,0.5445355127146287,0.7887585243766126,0.29924913559552285,0.1314399368126135,6.764645488432919e-05
0.5214103826683529,0.8189181465378299,0.2602813904980099,0.6819478635471377,0.7256001143812215,0.918869039902214,2.425055301014112e-07
0.06198974096911126,0.9223788681627917,0.6359029219346916,0.1485457486732087,0.5097248643533375,0.43872942086025757,0.00010139963328226198
0.48765131406359435,0.8601763676772076,0.09921230057990411,0.7372598406822167,0.9231369754101657,0.7291294117925111,0.00033837711711326435
0.8546630044645898,0.4633832994771908,0.03245970932230131,0.596219895279997,0.28815016613714706,0.38970553877100583,0.00027453899252150027
0.23616508369102351,0.32172709670764116,0.3325785841268784,0.17854697797067276,0.404544311767677,0.29303084971704707,0.0019429880119647969
0.8625199894630774,0.30584242668259903,0.12505324620191435,0.6023740753891247,0.7934212467582068,0.8193065779750613,7.4699213277185095e-06
0.9905419624676223,0.4596682253508494,0.19342127853204027,0.9884020049946463,0.2577637736091257,0.1891708375642478,0.017589009607368866
0.7791249997941802,0.7871217770623732,0.454193016421615,0.10249035869426894,0.9294033628558112,0.10666058173262938,2.6309421229386842e-06
0.56902937197458,0.014796853697805198,0.9901776983605425,0.27952598517687255,0.9779982661873784,0.7655452072138001,0.0001028494574552008
0.6787065186086397,0.37138081414737445,0.1470275213688313,0.460644924348934,0.7956399091171984,0.5500850481443561,0.002018192317378986
0.5248445485246279,0.8615695634968741,0.4859761263414555,0.987440128843046,0.6050985474140059,0.3677780022428323,0.015978735103560626
0.004743446515613747,0.976941674469845,0.2187632651664208,0.7556545694399303,0.12593243033084858,0.33255059447539614,0.001230741190321405
0.6002656885401525,0.7204476349773009,0.8620300362534938,0.9276273128884621,0.2703527773153956,0.8189437469752046,0.016681725086037602
0.8894339441270755,0.7293547268911218,0.7614978758066634,0.06817037465254212,0.38353433717048,0.5329316132710575,1.3336896637849982e-05
0.025557753998771967,0.5317970917577378,0.371258166937638,0.4348529888975264,0.12525985684740087,0.906212978101876,8.09718680017113e-06
0.7399159131339531,0.49394627119871487,0.35451338371268476,0.22192544655758145,0.6082365954990577,0.4882387883635426,0.0012173743659559255
0.05815811561779966,0.4967457928979154,0.6803780204795149,0.48631653742802344,0.033206147580002246,0.2829669825764058,0.0002844535213279986
0.8941577530246154,0.2911031389637336,0.6705157287270423,0.5497185370768101,0.09203184785546738,0.6178017202268149,0.00038565676452539943
0.9351599617770796,0.2828343773186207,0.9995055834439301,0.8485300949033845,0.12041608492592447,0.33184637640945985,0.0010726235207946244
0.7115824941033175,0.18727415762173247,0.8826729935875713,0.4799379910643306,0.8646821438407055,0.7165744661466552,5.264597963394735e-05
0.9753341108131147,0.8403331181358396,0.8966465362029978,0.02998446392602655,0.9118683170597154,0.4044407512793544,0.0012678197326412288
0.09294577740105044,0.722597853754122,0.13708330058609772,0.08000949060016503,0.9831541349924345,0.8326316143507076,5.210129345145642e-05
0.4820794595304675,0.6106093161968414,0.3942888961142171,0.8560124851814284,0.3767997060038074,0.06085670345727434,5.0294685978391485e-05
0.3190322636196753,0.829567321185794,0.6274110891562933,0.8337977460220739,0.6656815080877214,0.7825466052434987,5.1763093364964874e-05
0.27879044469585396,0.9186133770229649,0.35382518766614807,0.9637529942720025,0.29690104342325985,0.28132313765734085,0.0013952376855340676
0.5954827828011313,0.28202702112010253,0.889239540163302,0.777416975555596,0.5082993628001564,0.3217538330782452,0.0001074203326746348
0.2249585787840648,0.9799630007625544,0.7710237100256598,0.2629793774955185,0.05466881062901156,0.07274383255941454,3.443854811546743e-05
0.41171010070753344,0.46372509627564357,0.36165777296938667,0.15088385046393496,0.8789662602160938,0.5319535871922664,0.001864748087368473
0.27985836001800624,0.5797286617492134,0.5570833343306466,0.19006824110024148,0.59893948721751,0.9047619968551016,3.409265900677916e-05
0.11533289118274842,0.8683447630382702,0.12028198293101275,0.2485538099164654,0.9210800286994921,0.5035035536565834,1.86543873721412e-05
0.8987178339677945,0.47745861619955754,0.47111437778377024,0.1846242415118612,0.8769704374995518,0.35044315039729723,0.0001851255838302146
0.4174305754081887,0.9791507360339963,0.6536174297319867,0.9497946237946844,0.15124251672695477,0.4749977221680912,7.4412694913705835e-06
0.2741635294875336,0.4386375364006467,0.18419624730345377,0.6270029920250687,0.10199676141709664,0.7600607986461505,0.0002531179665330452
0.3069715585259419,0.6016351420786074,0.004971297534496787,0.03533685605948429,0.0068515875011437005,0.5840786885938924,0.0008255017377657436
0.4830379743877352,0.2571304316146008,0.5387831511098349,0.09134075174340378,0.20098739660990703,0.8374253562778209,1.8954661343828505e-06
0.8968475133335994,0.3534381352519783,0.1487760113317512,0.055154494617387,0.7878848476790284,0.07416460236230733,3.8338128927062343e-07
0.8234521379575596,0.5929853238966742,0.249757109715409,0.9264823584433195,0.7975542978486245,0.9749811922733365,1.4435478618235464e-05
0.6284151330830168,0.8588971054915052,0.7050137746305414,0.24300472923878477,0.6765143869751868,0.34982916825789667,0.0003406916455139797
0.006645607283793227,0.7887489596252921,0.49403218759064155,0.036125177172180126,0.8337951585157971,0.9743720610840774,1.924996516800004e-05
0.8311982720850423,0.41876947926082186,0.34051150015949605,0.25137077064915136,0.305351552887563,0.35618374417097426,1.1255674870369603e-05
0.36605558277042854,0.07031582514090479,0.21299108644659806,0.26059709902055495,0.7511870631846322,0.25074708120703465,0.0035593152925924576
0.2117652541625313,0.2149835244496389,0.890731452951067,0.3299654007490544,0.5279015627108712,0.46146566644494535,0.003409396376811147
0.1037417440648069,0.7442193205993025,0.6511774912919197,0.060589254129067786,0.07163016574837051,0.9496174132741682,1.0157085233442054e-05
0.42384769316270476,0.5764922788895581,0.19328275890787072,0.8337930359781757,0.5682035594151663,0.7279329053819341,1.2973641497215915e-05
0.7940702195262946,0.14196004762104025,0.030677041262745886,0.8471951853306653,0.22188891049547324,0.15720981784390056,0.0008052915557494877
0.683026456673633,0.6607504797517704,0.05086702997580184,0.4948702321076312,0.12516580830877055,0.8339993988103519,0.0017227226149851838
0.815388273462623,0.7477210251749499,0.7849042850132586,0.6914069194469563,0.7079342420534686,0.8749319725572448,4.758703413898502e-05
0.3494295867732695,0.183539150199839,0.392578374837189,0.8785744578719398,0.05299093670394634,0.7693798192471218,8.155918352903413e-07
0.8913865133858916,0.9938870436078765,0.5604717058895557,0.5853681475209349,0.5321733843439336,0.927435188746017,0.002039519665902434
0.7137141966794674,0.658490279821386,0.626026870332115,0.5367797525607179,0.3318536837943812,0.24767459436551154,0.00033553377739581336
0.290910395421217,0.6495275601217662,0.5346142460558131,0.1605878411681477,0.5997745921974065,0.09830542696471574,0.00011883420432412528
0.9817509654215524,0.4892651824514157,0.4955641951751385,0.9979627924381824,0.188515455554226,0.9084173857981193,0.00015160394640356678
0.5238640610562434,0.9173471610919061,0.020392097509171387,0.2411677466904751,0.5297095539509027,0.9347345257001536,0.0005741761395008371
0.7144518233711008,0.2943746303849194,0.3578959294332655,0.7185606080584656,0.11038345188574925,0.34050119340466556,0.00010823712869112434
0.41415649852442354,0.7024177491700745,0.15036771512936187,0.44166601445612,0.4748453012654554,0.2984206009904996,0.00011695321018134752
0.613529492286128,0.8867039952088902,0.18082003576552122,0.014172317167992037,0.24317624690623293,0.5402132220706424,0.0056344621872596035
0.9065263658498031,0.256921730949354,0.9157644933111277,0.4798469240124437,0.7926794919233977,0.31274924069532567,3.984145775448589e-05
0.28373678453328155,0.9098616958355075,0.8219161295550834,0.7694816838883191,0.21797070802903162,0.06569903192929173,3.7943015478547615e-05
0.08065074242960227,0.5229641836680552,0.39058298595536245,0.05499388565731329,0.4310500829176511,0.2503222355400836,0.011985642920802508
0.2677504345089929,0.2458826305218831,0.3933845083190207,0.03890799302066308,0.28766396771258357,0.39218476748604464,3.157598282099716e-05
0.10580922965065076,0.889950894905827,0.5057302780568903,0.024354331131071657,0.8257821903655309,0.8925352025557357,1.2959790676170257e-06
0.8438431754155888,0.5189262321150637,0.3522353473511824,0.9492012850743758,0.5509616393403031,0.943750269775695,0.005147490390488785
0.3204670604706553,0.9226983464433057,0.8061608749881337,0.490027061773237,0.6787650070520943,0.3858155816503809,0.003505918318873591
0.9823166954401309,0.01960127206230677,0.28874869128523956,0.20918130360064735,0.4065074184469133,0.8741116219294635,0.0030166921723902007
0.7279371242802999,0.5524168630370566,0.5817926846208945,0.59968828029993,0.4494049519533966,0.36318622461437977,0.00014217928551052417
0.9142320822430349,0.8722229281876919,0.5519768126735662,0.3321571166789777,0.6980175728987584,0.21593266189322974,0.001253515930391469
0.14836444141623972,3.7921153942860695e-05,0.99731497370145,0.7687318696697767,0.14871213867805866,0.03314681630596889,3.086732525137137e-08
0.9928788655197572,0.4640183576128209,0.9588572126737116,0.9529478181356541,0.6542680695976488,0.6761199447174613,1.917274474072528e-06
0.10286575044502975,0.06813158044578457,0.7912819723486016,0.8514705436113255,0.8425160631820413,0.4199326725990988,9.926465163401232e-06
0.8761296381893139,0.9411737930823829,0.6438159760531481,0.6340009951187479,0.9762307285285821,0.749935578833738,0.014342938295352825
0.9116581937898282,0.39913421635541696,0.7296994292257697,0.5275071343167321,0.33714989806940665,0.6570257120402077,0.007100595347669714
0.7504601901579208,0.15460115193301097,0.9178181980136441,0.33728358701891953,0.156528495598413,0.6307708197758815,2.8232667553806934e-05
0.9688481624002474,0.38313141301943915,0.23641463653564357,0.10263810206916417,0.7625128099858482,0.636624892653359,0.005612956517692447
0.43036425025207437,0.9793907198344816,0.9304274768338097,0.9650242410766011,0.02909567601121947,0.00975180204464868,2.5627966248387146e-05
0.9551240477506442,0.6405939195475131,0.2800060582136426,0.5748288814413886,0.6245579183807023,0.32667061234705697,6.65223599538578e-07
0.5057739668579928,0.34771097206805,0.6768476220276944,0.6684372422361384,0.9996998243975691,0.11903470620072971,0.00019708543370389187
0.5909234579186499,0.23609652912747653,0.6080957285234808,0.7784678128446358,0.5057584012215854,0.5768386718268272,0.0003014839867827579
0.7535036629951077,0.5950315131086582,0.07554854383729696,0.142585384785715,0.7800328908823956,0.4338314862718064,4.040649853043199e-06
0.36969706035694827,0.6858546800407924,0.8658613285511091,0.07901926833341959,0.8568508278959619,0.512539300125751,0.003434958432848245
0.7554963202124646,0.3394446877798735,0.06426709314407096,0.2539587382269335,0.922458121726264,0.8334494118186642,1.4886864074803441e-08
0.9957296744561724,0.5224919720311012,0.3896084121301595,,0.34646830866504424,0.9569309176877718,0.0006221144374898291
0.6651594639347979,0.9518859846161986,0.38525241669936955,0.95944169685097,0.8178532511224225,0.053536521454983825,0.0001095972797701128
0.9226691824028131,0.09344167504110963,0.04929594273152669,0.6932446231612833,0.7669732352408059,0.5866198245037467,2.673964438604237e-05
0.6875108535001573,0.07681138192401998,0.5146159900060071,0.27935295329406346,0.3683155600162982,0.5404917920651574,0.001185054170747768
0.42536482765021977,0.15562501791162664,0.4208828242319103,0.5084720799606158,0.7132794318005956,0.300057636297829,0.001503089860275253
0.011885758528440033,0.6589791562556885,0.4531161646517649,0.4510263420414958,0.11752721719482344,0.40253869199332737,0.00029951535136263363
0.13022512399851813,0.8205570788473108,0.6467491355716283,0.17179173305656767,0.678665985421876,0.7700230851383852,0.0009639675415987758
0.5022977663667655,0.7958405519849147,0.31554068758085985,0.6167757704433531,0.1181051764114657,0.7975278698417405,3.905229124723242e-05
0.03294046110566038,0.7242735169028263,0.6357129776072683,0.19685984090202172,0.7491546333010879,0.4894552044751102,0.00140524490420324
0.9800729074525044,0.34099391741144913,0.6634993406913166,0.07427284005749077,0.08192312678118997,0.8405780287546832,0.00024383883181278154
0.7148048997634735,0.7855089011920446,0.9837499191054923,0.801335284813713,0.07783134116005867,0.48793492294511487,0.0009904838382435166
0.09957601847651779,0.3161319585726572,0.5057933659051086,0.42024392078056183,0.2822365708968009,0.6594242566009385,2.0657750345876025e-05
0.6448869068488667,0.5342164058520609,0.14736353454420695,0.3873401585949186,0.6113513396865684,0.9923218235274505,0.010905529382590484
0.6887782220274582,0.5677869671564457,0.6178269224337409,0.33101421199989084,0.45800502070819415,0.4777655198260673,0.0002585869851361444
0.8180211971424372,0.061714173473856715,0.24044978007132678,0.4417752881492784,0.8728622988626672,,1.3485938789470353e-05
0.024207003690212916,0.10857285864705944,0.41141979543510127,0.09291798706411272,0.1821564526252171,0.9988092177433155,1.3550461666733682e-05
0.548496492855517,0.419293818799496,0.7573245318101589,0.6008251526323042,0.5790769361232262,0.7775146849140392,0.005313977894933708
0.10801709637423723,0.4668982485335276,0.4922309231132356,0.3066428082994457,0.30749940672561155,0.8407951869190596,0.0002255492815291804
0.7906897281754376,0.9209826027369902,0.853545363689001,0.2899822406276564,0.0351422124493772,0.18166427101003318,4.2098327002193514e-07
0.2912429516529409,0.37646964732895105,0.8002328935740132,0.36277442849854324,0.40155239320177544,0.8343745610256351,0.0006529798973162748
0.2442287990614377,0.9649116838509828,0.9636463973500756,0.8901759298362049,0.09108509907219599,0.014453381791804764,2.5347631319228014e-05
0.7876447306792108,0.291208401489611,0.7646548836154752,0.2551739316782439,0.463536946970394,0.9512283938790068,0.00036537486965693144
0.5369816807042095,0.15434420450600841,0.9032734154365444,0.8145435095504143,0.7306363455173547,0.1858525282524155,4.84959204716251e-06
0.1897910245777009,0.2035350027728232,0.4689726522130833,0.2611134333485566,0.3811640988006976,0.15755827731977384,2.19062989970098e-09
0.7391855402931292,0.7913290579545014,0.4202791261560688,0.11129015526551572,0.3211448752068719,0.7416455822823638,0.00010520143459347153
0.5955765809036246,0.6377566598626101,0.7045485704988542,0.9936472086312478,0.6617390854792988,0.28374430061113415,0.00019307858886230544
0.24627198172793563,0.5384759414702988,0.7847353782996166,0.7737170306541702,0.9611034413906149,0.03242357680488086,0.01704059632577326
0.09905772846314151,0.5807547212415752,0.22696163058458882,0.31183769224038416,0.11642937205397344,0.4216591236205082,1.8436917810893405e-05
0.32624999485959294,0.47042819534655816,0.44737163270121083,0.5908677446256014,0.9127853699224768,0.42375201570581283,0.03379009904511909
0.34512100886316366,0.613237450347903,0.46797370585647313,0.03643294400173408,0.9054608889328505,0.04226205450885586,8.744490984646802e-06
0.846241433251353,0.8537889311091742,0.7216920409974185,0.5681321688489089,0.629063714045969,0.2093050711731429,0.004309374185481163
0.9804915726895627,0.474589768530422,0.5840868542240841,0.39550271993599345,0.683135034608912,0.9926296557715414,0.0007840239260529236
0.5057052541057571,0.15505194085904198,0.42821304428093127,0.6588453246945475,0.5720675727049755,0.8859785706238739,0.0005444931583776791
0.5398721144416212,0.6188427775580387,0.579132235494271,0.36568073183564753,0.4382277848796274,0.5855415323069847,0.010496761437468471
0.08471875890916757,0.9338577383142317,0.2700656109045741,0.49140912037814355,0.8265394290578868,0.29563359936179995,0.00043706290941558645
0.5263789233526661,0.6213249226018734,0.3104715724396705,0.506267120603206,0.5556444568233598,0.7266111904704492,0.0007169732996923361
0.1700400568059526,0.014202695154554612,0.6666790723626834,0.8077603083527581,0.6646467449762349,0.7575975016439488,8.364795981430362e-06
0.12497097421320329,0.14121618416156564,0.0628059449396493,0.7078509210942088,0.002729882242934002,0.17001836352189395,6.997773906558535e-06
0.29669853291306475,0.20010634045085732,0.11375967689826606,0.9138774640056285,0.2725837055002956,0.6512213091149649,0.002242219666558465
0.3464961369679135,0.6938404783134939,0.4408149297915721,0.5762244020364786,0.10323470609662526,0.3043151813010809,0.06227213113389907
0.38657842148058685,0.5066199982067339,0.5136034843456895,0.2500674408271105,0.49504453968046963,0.7194846464509401,2.4160378586657316e-08
0.35274270510915684,0.9144674647554414,0.8731559435871847,0.4074230944749375,0.9399831149877313,0.6039848782451811,7.935892256671906e-06
0.9559514944772758,0.7402904160525712,0.7339999136537173,0.19451590564975466,0.6953856923736712,0.08561316799080887,1.2568762816633772e-05
0.404178176086288,0.06284505466395318,0.5922812599984942,0.46652749178127384,0.4746486428635731,0.6877468291540836,0.0006695260687530347
0.24953680249047963,0.07306126046431068,0.5600661907333826,0.6583665653891824,0.14640632592303124,0.7494613709906045,0.0003031592932338789
0.6415167501146755,0.692560101231913,0.025270876355310067,0.7761819582207244,0.6460505010049241,0.31938290663365143,6.582084509543229e-06
0.33615206651025203,0.541619276766402,0.5691196669597993,0.16182360123899978,0.5550058076014653,0.9343928696231041,0.001771188981040006
0.7606849738229363,0.9634293253433631,0.7912462120471526,0.6973891087916808,0.40980422732075744,0.6082276647216134,7.753628380458011e-07
0.10143759088983031,0.6558483619482769,0.4544470496607606,0.6746609717322611,0.6202122474884271,0.20114947049919799,1.8963951801787005e-05
0.1676097356071396,0.0017953634716513691,0.19932568840394094,0.8201504152424131,0.8746269506154158,0.8268478878940635,0.0019372790856513333
0.8916305506675003,0.9042192799366665,0.9628909407303758,0.9562796024940033,0.9172473930088823,0.6831765297158298,0.04815615933511308
0.7658860127239384,0.6508322789104999,0.11510435879993164,0.7487467096072274,0.7377345869611368,0.8662311430234861,0.0020434600641485723
0.7417788507551162,0.9647271705576093,0.3946932097772723,0.6082445433064235,0.4407661445322943,0.7753910055382156,1.0043610802812353e-05
0.30537116271592274,0.5984697776164158,0.9177859146546453,0.9847253738130387,0.5519627558749199,0.13605185104135495,0.0007294277390532677
0.817797060965418,0.22854438496872329,0.49493251043434777,0.7816281379172316,0.03751444225791864,0.3360843603663795,3.846085685776934e-05
0.07271999801245883,0.03980205814426288,0.4388820825276934,0.20151254939842253,0.06866938178005125,0.19659124006832465,5.453752693895808e-07
0.6985471377474134,0.8755743996943455,0.6277563991371783,0.8257843862568772,0.7737348136870877,0.3677694057086196,0.00021350610747372656
0.07567696218467813,0.19876404261500305,0.8086348919598173,0.17496274513389698,0.038412689831551876,0.9308847824626155,0.015363198834150604
0.8780174751055889,0.0997390320020837,0.9459998143612509,0.4509649565065726,0.6174760737107889,0.9066455364094737,6.789696764231135e-05
0.19949772616936595,0.9728725549631999,0.9776475254180088,0.2845552193995282,0.29104117700055493,0.5998418304637942,0.0003415221636925425
0.41879310796292496,0.9732766852051785,0.18746922367321384,0.3042716047600814,0.21552005993458967,0.05741122155405892,0.00469960786766499
0.004571668079611173,0.27692122420655635,0.5776716064035212,0.5632596383645305,0.48360890038057686,0.30996583533607824,0.0004269908336722583
0.2051750202727302,0.3188281276964346,0.7702860383955935,0.16155729914934774,0.15781847264932525,0.3209337857336834,5.511907282906847e-05
0.49123778793400263,0.24189512942346914,0.7579494786085151,0.860770104425363,0.46163109278122616,0.6563748060605499,0.002153904231240844
0.2804359471181306,0.982117894962949,0.317731007750195,0.5881475350120222,0.6599921918757228,0.5550909999613828,3.230899285888711e-07
0.892808180121648,0.8779529007879252,0.7024538267076816,0.6237717461238194,0.8388346330123962,0.8965672474899345,0.00013067777899067323
0.843976150120462,0.5356770594416713,0.8488823615393291,0.8862291861291219,0.13485927994222704,0.7945454836392938,0.00014362754009533685
0.6286331419826992,0.4960183837334026,0.29735489147467664,0.42325797893463474,0.41186252129574225,0.1247125398015375,1.250482134540487e-05
0.8913851235990212,0.6986997295404382,0.7310550190961286,0.2938489071770848,0.008788550292992608,0.7099913258911661,0.0023225585479779154
0.9592948984395396,0.872591212310537,0.2822326133543642,0.6710313824212877,0.6942640552843614,0.5257943855055502,9.518492846138926e-07
0.6159122115177041,0.25696306763226157,0.5401341486602749,0.8818422753574914,0.48429555970869953,0.7561639255892773,0.0020922649817562977
0.9555415058262304,0.27302953726929907,0.5929971787148373,0.06998304504187795,0.866500407378646,0.43676124780945574,0.0028090476529346597
0.11048898528351406,0.8424531574704995,0.1711513668056487,0.2143879965879892,0.908338496528176,0.9654010638052894,4.699955547526891e-06
0.8851188859753116,0.06289075073997605,0.36126302907953245,0.4869435020327726,0.03719073297636378,0.9469096973277591,0.0004272474460330633
0.18763363550850823,0.08858653874669697,0.1577962058581128,0.020747553393535265,0.013395235565426789,0.6447600408794311,0.003793880807813177
0.23448274365806973,0.21837244844067386,0.577470740235172,0.517964487043561,0.43346601065576784,0.8590802043392675,0.0008425815962068706
0.7514718250184292,0.6521005396068728,0.40296487358804883,0.2444766794457588,0.9915641966584529,0.14160381225419463,0.002852961674645771
0.29477369608144754,0.2542462446047566,0.8587357134339628,0.2775645621394182,0.600954018159559,0.18313717330413165,5.257113403345226e-05
0.6409443365128147,0.1494362568059135,0.28936393082415474,0.5663616305716523,0.9251501808258699,0.26162773805412864,1.058550486321419e-05
0.8993800107723052,0.2139487422830024,0.5418814790947082,0.3489892933273526,0.03146105512016561,0.22633768420284195,2.6881880140772196e-05
0.6878170797340971,0.632615740905883,0.35707792846186337,0.930403876480579,0.05006092477064315,0.9066632028138744,8.181961349107425e-05
0.12271403432628346,0.7395572300301646,0.1468585569832971,0.4036466831580926,0.9018513852992569,0.8226512859012489,9.049074081624031e-05
0.47919167963178255,0.025855828476034997,0.5941143549233356,0.37482089603814267,0.6740271872675591,0.8592325712776439,3.3927216790630155e-05
0.6927935504766287,0.7287552212817675,0.48295134759008684,0.6136877320353967,0.28854650331836185,0.19740588362779699,0.0001892915492884839
0.755652784050789,0.989811710608854,0.313280899780132,0.06543045787639641,0.3545237238149741,0.29332773080872065,0.0003723982111459856
0.3291349929227182,0.08333750513289172,0.26971770437900877,0.14715010161186862,0.051988824498810586,0.5696334399365439,0.0005160924361142794
0.5868386634382466,0.38623218382983837,0.09962543531136862,0.7333660573386515,0.5906027788306152,0.42708791415023983,0.0014413123847459852
0.5054657236405534,0.9780533685879982,0.47778062671488714,0.48164245620853785,0.4389148004540146,0.7372594804167877,0.07946760891688531
0.34890801769848084,0.8798188487101393,0.48261135490963425,0.7314458530593657,0.43474725256999897,0.1901171677060295,2.0321776913578837e-05
0.6591805102027346,0.9201026079971325,0.1407359895131564,0.4067040336511075,0.15165355357966578,0.7171477754920083,1.8119778575464984e-05
0.9794115339215889,0.3848152640921175,0.22363902840231084,0.8023133290359248,0.6104161517502722,0.5145032496351775,0.00013150653420368474
0.9944459684308162,0.6561286728782862,0.4261765136579618,0.435361633390507,0.5506531910592449,0.8782833810449266,0.00013113100550632417
0.2780434882143565,0.47920259851909824,0.7186177283047634,0.7440544561075936,0.45629325256684433,0.8086334115377588,2.5074008536130066e-08
0.775431029266287,0.6584713868092916,0.9116486132114877,0.7763934512343938,0.6422192541108981,0.05038423039667636,8.710479212237221e-05
0.6293235526874289,0.39958664663155036,0.8894048711537382,0.5122855151671336,0.049310084390400216,0.7208077791008711,2.703176141816144e-07
0.25029227038842256,0.581045870413706,0.7588117041482286,0.9902548730499386,0.296930552455793,0.9617122843869069,0.0016728251126952864
0.4975149277346793,0.04243679784263783,0.33158695941699834,0.8528292074906214,0.16800970961596978,0.09445480860513165,7.038951831661588e-05
0.8350333998331577,0.42017480887055897,0.817034385523548,0.3312702225125514,0.7855320047294452,0.22100967981476743,0.019383454068049755
0.730821293099354,0.09406145569683211,0.5820497284156987,0.8459346218219714,0.7638682669403136,0.020560351809040003,1.4087378535920791e-06
0.923213186574033,0.14733776049401953,0.5075793357834721,0.8390966466765377,0.34829283518594367,0.5180748469832986,1.9327450750949993e-10
0.4675067575459102,0.8911350495340216,0.7249720704453191,0.4448014450872032,0.8003176073254014,0.8252801530444912,0.010101248816048014
0.7635071526284165,0.008710355909983272,0.05461685039330338,0.7950228615456552,0.43818241541472575,0.34575291700650934,4.399136179888963e-06
0.7279892432783432,0.21833253943475683,0.7216985635890496,0.1307207294246699,0.1530571080594373,0.8755311510875565,6.764232362155287e-05
0.6197108889597719,0.8359511410968022,0.8093952742030516,0.08444080607205603,0.8752881254775673,0.6593450184657056,4.2367602037796104e-07
0.1318183858414168,0.20598386956610165,0.6236644268108007,0.11615014386211713,0.8907895208563044,0.6834554670294082,0.0049178606413087245
0.26490527610882814,0.3225513866528977,0.7318949132812372,0.3062707512514119,0.5320560943470131,0.3513200274623636,4.736307652009053e-05
0.10038190838278764,0.6165775906273144,0.6083850712303484,0.9268713667789672,0.6602980883356031,0.11445674286197835,0.0006118518431303954
0.7410907674041215,0.21695239068828856,0.34064902873333575,0.2527799711737427,0.7109147757941022,0.516946002810138,0.03134835223339638
0.19490613613208504,0.7315206715439038,0.584914471223792,0.7414092855770492,0.2895695339828905,0.19913880139715695,1.4648472747014196e-06
0.7583423157817474,0.7842322122576679,0.9582750184703019,0.7803143176963873,0.9703139419909711,0.6628052818602952,1.3296079407476569e-06
0.9106862042211057,0.47004689508274733,0.7830088546798599,0.5069825820176588,0.7198035661655862,0.9031382959283737,0.004109948271687536
0.8076180374859597,0.36635978400225155,0.7259944771311023,0.04711974141599769,0.9784754312774013,0.5290138427943556,0.06703260639323394
0.34274825998570835,0.6235047137472836,0.48260319503887983,0.7661491391259013,0.670417316831091,0.24775488812993854,0.001121190657059623
0.6388899973388549,0.22820514910818265,0.9366352497745898,0.30413276016766044,0.8071345850198881,0.03830392794973577,4.101096623410072e-07
0.5254698014557782,0.025344039463406163,0.6032012645145699,0.8843993852505949,0.41447246461306764,0.04078368904826099,0.0004465110614111367
0.8532398521431449,0.8499049170444873,0.4484779957011666,0.7321839218639006,0.10288022558680975,0.735562819007431,0.00899472516654709
0.9061725697385588,0.19244828007356568,0.6016836606194429,0.7923941999650143,0.8486935607359974,0.280287479148114,5.7538904517207e-05
0.6429983788361942,0.9564739997028956,0.7166672952998765,0.8949916680896527,0.9690561295200171,0.23001190241174532,0.0038344272415510305
0.9143217501181397,0.8786342496734179,0.9013596641639493,0.7051758058067245,0.5240127292008807,0.445659382418358,0.00041540187792021843
0.32860888212896416,0.29135581169438174,0.09740332113236035,0.840568046312272,0.01562988531528923,0.9466841776648692,8.634643022142896e-06
0.05588551565831557,0.2199313853589317,0.24735553340488928,0.6265879025463776,0.6704240768454941,0.5960316761946631,2.2043153320217e-05
0.2575807634574522,0.2827103689512356,0.30233766155454034,0.3528557330992382,0.22742935332671704,0.11196509049492746,0.0006579593124583782
0.4877534571524028,0.22814750830980365,0.7497003850813867,0.9643661642589084,0.3107802134787533,0.9917744576708784,0.021889429204769772
0.48573119361758865,0.4544025791785496,0.42411725748697837,0.7873598368483109,0.3079239563708369,0.14413616377989225,3.6480764514568165e-05
0.07628088294720134,0.5792878464871649,0.6953353496155993,0.8022691100211856,0.8858371334356245,0.6409264913372267,0.040584145993674214
0.08188006069142167,0.05620522238757137,0.2718681119754969,0.4316506722094739,0.4144619869993343,0.555604186395907,1.2378108228405793e-05
0.22578106980158144,0.9609037012309962,0.8223840735777345,0.572703528592898,0.5274801389200725,0.08520273211413715,0.0012383289088085947
0.8030892738450143,0.04172873153267948,0.04521928640414977,0.4715936064609091,0.19469188388480368,0.1951069782906478,3.171308512528448e-05
0.03499478776812183,0.11655336682940728,0.5769909706821474,0.3268183885404805,0.21993570315525227,0.6146728817606665,0.0016194755026657237
0.26516072803108626,0.15478226138278856,0.4196123881769155,0.46295668288256847,0.8324511435526206,0.0400944455561741,0.000949100440127526
0.6501972859154409,0.7666771663663474,0.6936531488343818,,0.2652926632954579,0.7329510699256298,0.0006701402433914039
0.3800116336286089,0.6980998143610374,0.7473546243781799,0.8728728541860028,0.039922211909014876,0.9909355360308195,0.02718194706735433
0.9040751754220377,0.577531938231621,0.6077488605480313,0.8564514944886091,0.10196915714559088,0.035780256496021415,2.1177205361544438e-06
0.11592507527127542,0.00234267105074819,0.07434182915312347,0.8198573231140484,0.33249188213503383,0.37495476703024133,5.7664523877565266e-05
0.0788088922468774,0.24494122278791047,0.5119864952726836,0.46023602055341606,0.9976499550379142,0.5476866239774766,0.0008312145846347541
0.5680058020203118,0.48745414720638014,0.7120566786181743,0.6777736281888924,0.5156257682706306,0.42787572236020155,0.0008729600406086613
0.9129528768633878,0.833448939872739,0.3546975984305423,0.23971320695394746,0.8978454695775322,0.027859435032637953,0.00023503596143692462
0.9308047080977493,0.5615261478106043,0.0762113876995028,0.4389145236276934,0.7719484286539026,0.4753106796642096,0.00013041541289748881
0.21928986760496094,0.18229866563093294,0.6058953433828587,0.9886960798535245,0.2803139200393206,0.4100068622542905,0.0011946957300642547
0.9435915259037069,0.8114425928703193,0.030635593779256863,0.8272433930080385,0.7102159083220448,0.09958935222662195,1.1356022193043103e-05
0.9231236325481507,0.8275347174317722,0.2037810328003315,0.9991230666917527,0.6930286940704771,0.8526699167128251,0.00018600478398134168
0.6891411797672476,0.23497047142363567,0.3655074689898863,0.7578266839011153,0.3736920602555417,0.22279135862522872,0.002265622370351994
0.5338520449598816,0.6530797065444103,0.27427381047278043,0.9654594171321477,0.31113692150390077,0.6885137457540362,3.40792874424789e-05
0.29286272143916775,0.21162820032275745,0.9706936456970822,0.36052211420116753,0.8863393486253098,0.034521739378093885,0.020912387612444183
0.727557514003534,0.6750584332215805,0.3142618193287964,0.8358553729529922,0.18107590073906732,0.49413867930215627,0.00013165391798197756
0.6811852472742757,0.21641402689103897,0.7022856716099747,0.016549482024408046,0.5979730547658348,0.6753291835735716,0.008366957044134815
0.029189733512156583,0.3885938021560659,0.4375812885603142,0.010367661588423465,0.2404960297723295,0.45173689980822823,6.128891172352269e-09
0.7656345130735879,0.051669571283125146,0.4612869950206265,0.21191735159239794,0.4598163406396518,0.5683941855954715,0.0006202287756658098
0.6046573042034911,0.8573841528121074,0.5286415044897544,0.639541449728894,0.23307440659578135,0.5435354255410078,0.00023296665177907627
0.9456869663619438,0.029389781968810737,0.06528428203810965,0.8312058590810454,0.18583321064443145,0.2881523601605933,0.0007593564096202154
0.6181503420632376,0.5847897586667473,0.17104622631561195,0.6597564923877843,0.7922026918418673,0.6833450313474132,0.010828634810747584
0.5300967872318523,0.9025031988011505,0.5344851441020907,0.36168929684142764,0.2984546720200459,0.013862247613646897,3.6756803567516982e-06
0.8392466627523697,0.9346672633659545,0.11415291582771832,0.7244941599682057,0.7824964168296461,0.7643972696614806,0.0009591490002667236
0.7033560947451429,0.4603892216146303,0.2726044687871032,0.1104328770522327,0.9839344010136135,0.6235471153330686,5.161573317646884e-07
0.8579862026766899,0.31581478771694843,0.18527965231807322,0.12066010648841964,0.971849256566167,0.6939255234220476,1.9840048431918333e-05
0.6622510562994142,0.047869564319533195,0.7800482251127596,0.489195350762627,0.27941793605966075,0.46800172764134995,2.8032762384722076e-06
0.5479837537233322,0.7709545503741656,0.08449483120410275,0.6734249103370085,0.1372848146592776,0.8657649202110352,0.08559624135434118
0.19016553448282578,0.4433862829615838,0.8046464371500612,0.8319004966969743,0.233924835771864,0.7607819407859462,1.9947218221627594e-07
0.20636494380712422,0.21046419922827342,0.9782254458700066,0.6291445484367113,0.284484216256159,0.22612570612038893,0.0021667061670036514
0.26732843175470866,0.540895455572376,0.47644486884472953,0.9867130853368729,0.2176559404352818,0.1752376074119447,0.0010561802424428057
0.006571422632737012,0.48119784553914424,0.16213603036152713,0.8689218916761638,0.08847291143162742,0.05112169553784102,0.005837742631780052
0.19311365411995876,0.6738592253241771,0.11655569464107872,0.9468501292461007,0.463307352128613,0.513694075938015,0.0002187823790139598
0.16982827907432838,0.5741780922914462,0.8816219974366559,0.5275359118374143,0.028250085389843846,0.7598981661213312,0.0011761848831201016
0.6079285716956536,0.2240985339857291,0.9656201642519413,0.6562277461707505,0.9877451609876261,0.2391211903643202,0.0474517879110522
0.8429977341665494,0.22902387850744022,0.7364789709563446,0.8191128874184317,0.44403405914173194,0.5287501132143297,0.00041609462449998524
0.22192452996687687,0.5125022973923878,0.6852812858476076,0.7877175430447642,0.7880867626404787,0.3845558270762686,0.006599930714778712
0.3956581258843208,0.9633814446898761,0.08424318369734196,0.2803007497993185,0.11114868356566864,0.5877832811866229,0.0002940819895599356
0.19194237002525333,0.6958054207701547,0.10034316335188412,0.10419126842333021,0.5677087131810824,0.4478146280790039,2.518006207008483e-05
0.36481386596094934,0.3812677972752608,0.8365085028859418,0.4550583102877616,0.996556541602211,0.12813594022705216,2.615546217688003e-05
0.5240370849401749,0.8917919357455087,0.2160420476655919,0.9966968377679503,0.5899330794301114,0.6648134347261874,0.0004345965824725795
0.5745868651103595,0.5178659050928308,0.08505251418282317,0.7137746295511127,0.7421420869436091,0.8484672794070028,0.0014619401926320164
0.25994329094891994,0.557652139399687,0.8245180302082831,0.5459744027309918,0.7547567511303603,0.543909155916764,0.00011740169168217296
0.0,0.0072734274951177244,0.9835784126848821,0.9704851799818717,0.4372256068814482,0.4877621238192172,5.886058307424946e-11
0.5760917833559547,0.9553397500460389,0.015892483377614043,0.37981383735880647,0.4250827213960226,0.8027263337621221,0.0022781105861853224
0.7041189151987565,0.3142138064441068,0.23348582856893182,0.5152028382919359,0.9909894723236822,0.43867111528019515,3.6902544352068745e-05
0.29028362018252574,0.878764869198868,0.6962338808747439,0.5515675439088059,0.9595893992046352,0.6598378558082618,1.7968609520746526e-05
0.7468756123476904,0.5776784422558685,0.626235020161175,0.870715848277997,0.6852508606676807,0.6377948452213026,0.0008283728573647009
0.748600361606476,0.09150946763467083,0.3417208585002221,0.25734921851473364,0.41415147396286384,0.8468093468125526,0.0003173193612298064
0.9391927102223352,0.5204275701785308,0.5599682426234556,0.5806557196090737,0.8042310246636951,0.10929962167300075,0.005324567398341751
0.4363480632592739,0.11083394572327764,0.8130926123808306,0.7766722325864065,0.9518268580426743,0.23150474375063865,0.00018108505961655919
0.11872533561784078,0.4155123519274965,0.7530706106548395,0.4461175303236601,0.3178752279644689,0.886058208990658,3.9718175369074515e-05
0.8632885685130893,0.4788789770793348,0.2114236600098992,0.1738089439429695,0.876226548103821,0.19412488104638728,5.638505451710518e-05
0.7670412837705196,0.051590307352987204,0.3764846247580095,0.7626441785158754,0.6601070336300643,0.15891144278466726,3.322821270967946e-05
0.6099503423230517,0.08256530594211291,0.029551415411081097,0.6992212937554816,0.49341553448498265,0.7489247495814148,0.0010195821192363619
0.48742589756018173,0.6420006665223384,0.23652568961601908,0.5028452586439572,0.053729195668271966,0.30934030004041874,9.514676924116117e-08
0.11291075796366463,0.03732930642236548,0.6569525740346756,0.4356861852427676,0.03195793193470188,0.6143372467046747,2.7316257250054043e-05
0.8358684097686698,0.5934097210208552,0.07204942013445258,0.31655406635089006,0.22646525432190626,0.07170621706298508,0.001608982645120105
0.06795146330180304,0.19131570488981417,0.09606432476818842,0.38028903416513793,0.636532784147258,0.17761102693384123,0.008275849992835593
0.33446735005754014,0.5887012960674048,0.37858440295553525,0.5400605030689415,0.9346764196805392,0.3290347105907737,4.064654663959999e-06
0.8367968381752637,0.20359395893853235,0.4538405507108007,0.094447139646357,0.9097429570476958,0.674166111636544,0.00010480869561502182
0.5218065813159249,0.9150136138168182,0.1913860482208874,0.19436138181087093,0.805085848290294,0.2412852140117622,0.00010284025316609213
0.5710462742199793,0.07449230866802728,0.8740982621384973,0.18657479533688776,0.392039115325292,0.7197767782595577,0.0012132973293265126
0.6486984855674632,0.730210005703958,0.08437912009668413,0.08661842507200847,0.826733365290549,0.1532214444884386,0.025387977473211643
0.48531235064987815,0.47430257219226885,0.9018392800961054,0.8082115378780648,0.9857007351692945,0.8072105849447162,3.236180777110853e-05
0.21667681130285513,0.6803982275264608,0.44468135626914196,0.6801024361656967,0.17858364667073107,0.4931553374742109,2.6226620142288937e-07
0.6416342132052838,0.6631536037374465,0.24502794073432718,0.42672284497164775,0.4986309591882943,0.317960076782047,2.363676032679507e-09
0.37399412816001165,0.502535865824134,0.32394850084884597,0.15218978732559588,0.10997097810308068,0.12866713438301755,6.465282099910041e-06
0.06416611788346009,0.915025830314119,0.836191923765584,0.7598260465537756,0.8681390344991421,0.9793410193794847,0.0008429547237831514
0.241035357110755,0.06105955541786493,0.8937658682065142,0.6311025858673354,0.4783329340405613,0.5840071399710044,0.01909270851451017
0.19493029022264255,0.38299494888603597,0.11434651196245305,0.1974218594041648,0.06437166264583842,0.5582149725236665,3.0127855284667326e-05
0.23384276570429025,0.7600580732827004,0.6008667946319514,0.4464035151819391,0.7091975987873719,0.8003195690394997,0.000937105994417986
0.8738013560063757,0.28309437990972874,0.5572331132723898,0.046292475301649365,0.4720661139315847,0.2674543957078196,8.647968596120492e-06
0.8310193640314203,0.7237321561780444,0.3934174922935767,0.5811738472493638,0.8352171118004356,0.26195106619540337,0.00019992205678909247
0.7620889062285606,0.611182156390825,0.02099888265844493,0.664927418677253,0.1942739311640451,0.3541216958174532,0.006123218058155411
0.4971816423136798,0.9394823337973637,0.5691849655678268,0.5255251855941963,0.22809235185460094,0.5432934476412594,0.0008024657703592508
0.02429274072498951,0.4235611324222776,0.8894494030482485,0.3459501622430356,0.9333446407985551,0.5296017329068786,0.00045424459387188865
0.8857662884048396,0.9183498008138941,0.03253138185417665,0.8741602646261659,0.02488506206670524,0.4336140036778863,2.2002899139894616e-05
0.8788387523432741,0.49379087792966525,0.2435897163527748,0.8463377854538637,0.14718213537882344,0.3090215145997157,0.00010115637041607783
0.0639601037956493,0.8166771849381436,0.3441398880713207,0.8350917851710075,0.8993671138959439,0.354419392960292,0.0012240240069453234
0.1777744603064558,0.9823372399454118,0.6598830395186841,0.7062957304047389,0.25290564543655325,0.6602905969847919,0.00046203702917724243
0.5314113857340772,0.6535810716056627,0.7696840883955504,0.5414182136322552,0.26451374253826027,0.8087729972890543,0.005163241436775712
0.01610731036935425,0.7561465279343874,0.1653801701427205,0.7023347055392172,0.33970977562353677,0.5998110853687275,0.0010260371472852192
0.4830140367173501,0.4348255113217531,0.05831703787908109,0.8375428261248995,0.3652955399868812,0.8015793575263553,0.0006112245326407306
0.15585536542454081,0.9750014592881115,0.9961180760456979,0.7738811768827935,0.009222365870704907,0.1512833022735242,0.0003523097541519027
,0.0028887441102176848,0.1813301806526678,0.35198316714149197,0.9314204891659419,0.8130001445078203,0.0004859282273871335
0.14498843907759923,0.2926635119027452,0.06457802150772386,0.8287666365915493,0.35773533100768184,0.025672254033224755,0.0004215294937943703
0.5298586339779323,0.6450092048579993,0.9700430457283528,0.2006784814807174,0.751309319796567,0.06269896062492543,3.211352764342923e-05
0.7706366923638843,0.5719727105122436,0.9578680065429817,0.8433223740517104,0.5474281239534803,0.5982263567069942,0.006935405850435172
0.4147793195891836,0.4301322962013726,0.04064758507389375,0.44569857614034464,0.9915378333229729,0.7816420622336882,0.017557982735321276
0.4105894691500341,0.45594837279865186,0.5643709669951955,0.42161710024378085,0.29030196314811446,0.2553648111423329,0.0007962330234596582
0.46689766742084093,0.9548472118556504,0.9626812679269637,0.30159280926658166,0.9625385934580238,0.799844470501933,8.693268300774548e-07
0.9728181734130722,0.33903457304714185,0.6454882671677298,0.2130135062918682,0.059428753362649626,0.7748591505283875,6.523271254943452e-06
0.47569172067619475,0.12019997732279336,0.30894027171792215,0.8215553421711695,0.7609246128885621,0.10636784103188032,2.5328641035660127e-06
0.1028965828531965,0.43554660382592947,0.720837681087559,0.5038297894382606,0.3630817305222079,0.4262632017666908,1.3991433688298471e-06
0.36885847347675205,0.8187145726031152,0.8300599327024504,0.4168261029165154,0.9791372692358065,0.4133541857369964,0.0004953179862149382
0.07871340348262565,0.8529480785859446,0.07131925341531849,0.503672675545405,0.6595269432699026,0.4163881961157231,0.0025023189387283207
0.8321316714252529,0.30190108977860486,0.2060031022936705,0.16634155957250946,0.7116441773930112,0.983447988190596,0.026581051676441314
0.13154918715513234,0.7119515648740921,0.13012155036122905,0.5763829674513462,0.9466936667862361,0.5966090729796987,0.0014034697666227558
0.7308429503037931,0.6419968946613561,0.4652261748485145,0.41377096915243694,0.2005243998612412,0.8068263893176553,0.00044477995594705
0.9861487027083617,0.9285580647585538,0.8942227807801334,0.5001879094038427,0.1002845319735558,0.7041927194400048,0.014360315969665582
0.8540024455928948,0.8539800255686519,0.37309739197572633,0.23824052740136034,0.07205586816263088,0.25354486994524755,1.0138627166700331e-06
0.1342838808800592,0.7876413792057718,0.5195519588002612,0.6157725909791409,0.037236393579598286,0.8980062467221531,2.9121979520985164e-05
0.42907293627365,0.5382023181693947,0.7727109170512805,0.30738185025690457,0.8779488694435584,0.12717839095722294,9.152177229521108e-06
0.4395681381330128,0.3550300776060671,0.11944946614677227,0.8840222990619518,0.29799747469355314,0.16101867404497694,4.78141073956273e-07
0.22132974745274472,0.8555103744288498,0.16545855406835266,0.27038494267952695,0.26053605718493406,0.11404350477587308,8.49217805665159e-06
0.9853274439274619,0.7543559838127407,0.974688506058879,0.03405998425105404,0.43349967476685203,0.5931499630105984,0.0025233494169794035
0.30768130997036724,0.6941157463916011,0.3983209792021008,0.5925919668157186,0.9599628261717256,0.5668418023055126,0.0007861371811100915
0.7127234403224055,0.7949124029484715,0.6547347993691517,0.8572305216999944,0.1471740453661287,0.5718471400897783,0.0005900276337392762
0.9383429482961653,0.5647721285893037,0.2982287731580957,0.1733894958946217,0.6703643948230145,0.24562643980325938,1.1615987692836782e-06
0.521232638066917,0.5698700528298867,0.39334581896820076,0.8568250789115257,0.6410857309249355,0.5272172312324817,6.931273666466176e-06
0.8276010907331413,0.605082469802113,0.9067071182160179,0.6229905453620587,0.06659831012607334,0.556614251877125,5.0999839840581984e-05
0.6830452329625618,0.4301903175689407,0.8374198689362752,0.9949727730428966,0.29288759867253095,0.9647771915298239,0.0015112439952369439
0.31704104337444516,0.10973815311453568,0.22161323378324133,0.5005175926350631,0.08141012557033729,0.4733988480206877,0.00024163316323388973
0.9097091365567433,0.3450911467950029,0.9702600376239698,0.09464695037405149,0.06497008900031113,0.059338782590881566,0.0008020985868246733
0.5074828078365387,0.25448601265769993,0.5330960049794932,0.3529268908335724,0.6068966518202354,0.08851285358661916,0.016862179531308086
0.028319388053365112,0.9543299136862164,0.8015823600158728,0.3821471178299643,0.4163323431963066,0.9879031745595059,3.3075540127880387e-06
0.7668514723681589,0.7155836197972191,0.3831934813485234,0.22574326525118438,0.8812388166160926,0.9673464225103409,3.5376441220869026e-08
0.36875056200747847,0.8144923540771692,0.24534816004669796,0.37572927046983895,0.6154477561239017,0.9660073777547398,0.020559905256640976
0.9416506402327157,0.3148781829098776,0.9725074109211503,0.32035676400373797,0.19765817887598458,0.014078292468487585,1.667113621128813e-05
0.9965747062365364,0.6599683490094901,0.11635524642033154,0.34633286075721154,0.2647146902202384,0.8430292469041102,0.00011077402896775279
0.6907498717547792,0.9985298547665563,0.04003935964523456,0.5170518176551804,0.6742953231858553,0.7679907364646146,8.644394378087839e-06
0.46747326680947787,0.9717360004085743,0.008455290271166666,0.2261513720097249,0.5247097022184467,0.6613315170186015,0.0029441254323837596
0.8568963899755684,0.6518722505032117,0.5799027253901412,0.614473088125402,0.1028111440542544,0.970591753785339,0.013903007007926571
0.6715434342945819,0.7452892679373206,0.4652117255406145,0.6752898697183538,0.15163360122653302,0.7208605088573267,0.06027890619732357
0.5791139202834785,0.739551516628536,0.2122168368364931,0.17179036999636546,0.7587310113277699,0.3226821070824999,0.00016999633637226896
0.055229177475348196,0.8095753398077052,0.7984623264008082,0.6775067214880917,0.26759837059194536,0.055920100183532766,0.0037671475513872954
0.8333726161892439,0.4601178290322351,0.8793369854599025,0.8588258683033443,0.4753254667639082,,0.00044002419250410707
0.22104314998867736,0.1904393488577389,0.8545447636437217,0.7804170165070579,0.4957947691026603,0.6347562074706747,4.177709310715372e-07
0.39035604248969386,0.18711808066178723,0.8406975102261689,0.5769058533133044,0.9190683072900404,0.16676446264469155,0.0006108995743985268
0.6889073950497112,0.17428750424936215,0.03045463048312583,0.07013168879273232,0.9210298769835341,0.4382463599618457,0.014127488814327016
0.3002323061262997,0.6519097246140266,0.05706963162309493,0.15374832038562092,0.5539250589848463,,0.0004326764430654384
0.3772438058674604,0.11940937405751109,0.1452053176569751,0.1339125655670163,0.8772088758115866,0.8933598607733015,0.013470959964296703
0.03888302481144509,0.33881553826598254,0.027212357728865474,0.8418087747216306,0.451256697435017,0.23033567073374203,0.00022963269567066735
0.8288112972018192,0.39537297739771116,0.7745797362462347,0.7253558044940398,0.9132251027816601,0.6989954872580489,7.809597212038444e-05
0.8161219539347692,0.4667091064741518,0.2300897091175279,0.4700550133012445,0.5259923747186466,0.1735173435271667,0.00010164761584208204
0.9140396705258967,0.1438603004796119,0.9823799171677626,0.6397310968494638,0.4515126888538998,0.11245068133634102,0.00018246154473589016
0.8393628903470458,0.6777766645489179,0.5506248620948953,0.7993493781557843,0.3179266217268447,0.41131036747539845,1.446608650601533e-05
0.08478357325988241,0.937033708103637,0.974559453179074,0.5296729946304144,0.7549039735386659,0.5998575316906473,0.0028979203583893165
0.48655181505785294,0.28927788794312315,0.3798899175965535,0.7942211533949461,0.3807200633852556,0.9246434343448868,0.003450700297304543
0.7385889631139667,0.7646003828177554,0.41789396991789446,0.7395164437852724,0.6918828497636724,0.1197175405465228,1.3486841866860999e-05
0.012700941447928932,0.9333307033408919,0.6046157890225703,0.7022614024096073,0.9649013366949968,0.2549651513333495,0.0008362894766030804
0.6948376966503947,0.3165208049205154,0.5098270431996247,0.9442371348326715,0.45912749997843944,0.021771861106647476,0.008453120025280425
0.13711735342677384,0.2129453312268465,0.8563406512117067,0.17612807059329136,0.09163229161163504,0.4893974244493182,0.0029287612297971277
0.8294934688787643,0.44287604297297944,0.892606374409679,0.34100481484962125,0.4960739879400699,0.12305266311077914,3.459736234601163e-05
0.195860921259788,0.8679200286282824,0.21516421193523336,0.056618004553944924,0.7746562035760114,0.5694461591333743,0.0014515720759459283
0.31203435575436417,0.9186430115700366,0.4875866950309379,0.970389597242558,0.1850742292158019,0.9130752343521426,6.319115884112492e-06
0.6790928628654654,0.3321090097590518,0.5155679146225757,0.9438521451789412,0.820902683516275,0.8180375668243449,9.448248918531021e-05
0.6075475157388635,0.07803179456068882,0.3134666576615008,0.645906873283247,0.9962419847241841,0.21104278893520895,2.8052219068985806e-05
0.6842929653170139,0.32887369874217226,0.4290841149701537,0.5169418798854344,0.5251177254074281,0.8523179559172873,0.000235510881134271
0.2648526955616072,0.8252542773258251,0.5080009818994533,0.6753524461066213,0.9744345630870841,0.5707916507267279,0.01980742502197419
0.6080788217858827,0.6921358999246581,0.8634974748849495,0.11454396345661912,0.5053905117232761,0.9648446455634849,0.0018863254376599858
0.7096285039623911,0.07134619903532381,0.36610256043988304,0.16166636842882703,0.3657615797633913,0.6255517767244634,0.00013244633296427555
0.7528573816374312,0.8717883485517853,0.7544274942719542,0.523462984013553,0.06792924108848815,0.2545690598468307,0.0013850334686162924
0.8929039076384272,0.3990708583791818,0.9889045263888452,0.44001986163675205,0.6015356431799971,0.8421894020431238,3.939505202055216e-06
0.006652005369231413,0.5151516716978569,0.7241046488772402,0.28820298317234955,0.7309012202605042,0.3996299237807803,8.922175304126867e-07
0.24516614553345056,0.7302454593748642,0.06761818963156215,0.3848757230137838,0.8370247668052437,0.1649798220642394,0.001886659137879998
0.1291782248862195,0.38687944483518893,0.3933574740903536,0.9277871971351849,0.7192494542760004,0.0824825243680078,1.0468367580784843e-05
0.17384029078079266,0.9132965504926579,0.21833537415518672,0.8070784189775917,0.7963015057258399,0.6311853097880189,7.018342573772429e-10
0.8654223747412321,0.6707428510799994,0.01235797419092072,0.6987589579824067,0.0744942788497596,0.14875161231451156,4.356064187138742e-08
0.47951938961922974,0.13865242129555155,0.9381891176920507,0.5119354266346332,0.004090549305349087,0.26314925076239293,2.515265405955702e-07
0.9018554167654514,0.6501995975718415,0.23801236069150683,0.8913980868028235,0.9287035398049025,0.5864175488735951,0.03864494194713075
0.037018103242133456,0.6686542092868709,0.9252683831185942,0.5551220996805517,0.23550717730052123,0.3555738500887649,0.003067641865307613
0.675906260593087,0.2968653665122323,0.6937047999160176,0.3575833247605731,0.8356941307990268,0.4565911241559619,2.8208006423779963e-05
0.7560920908017491,0.5740596917186845,0.06482700551368212,0.022588367154016083,0.4284205812263679,0.5449453546906914,9.003508774085844e-06
0.3631325173474065,0.29717485121432363,0.33064893387336153,0.195645440369302,0.8740442669964339,0.23981857214414895,1.3338096145343314e-06
0.5006248183408455,0.7072436162066632,0.32999532724767533,0.20926110161058784,0.17629471514597053,0.025022567765414262,0.008287747182461724
0.5012324006981603,0.9877702614056426,0.12619417697507515,0.41264122233713785,0.6146579308753914,0.5545687629614932,3.110647883275419e-06
0.7466594356561284,0.7108556516670589,0.10167385200486344,0.6816685163196523,0.9435393595517092,0.8043169480721672,0.02836809886498859
0.6682806759298717,0.5674687012538211,0.6216790183163157,0.9944301097563999,0.507721338188629,0.3615936397237634,5.8127515743078284e-05
0.21476047188369557,0.2589987363507863,0.9671749567255362,0.7042766283844261,0.25328329970238206,0.246675631624304,0.007840373828461922
