tau,delta,effect_size,reject
0.0,5.0,1.6132325145409054,1
0.0,5.0,1.5158181185354724,1
0.0,5.0,1.7310162681796457,1
0.0,5.0,1.5925884216413635,1
0.0,5.0,1.516815376783334,1
0.0,5.0,1.8087191127638598,1
0.0,5.0,1.747521061515786,1
0.0,5.0,1.6648298220498037,1
0.0,5.0,1.8104821743479391,1
0.0,5.0,1.5200390832003854,1
0.0,5.0,1.479149080233969,1
0.0,5.0,1.595989427783283,1
0.0,5.0,1.625730553971858,1
0.0,5.0,1.6581303149319397,1
0.0,5.0,1.608404886987788,1
0.0,5.0,1.7841610089311453,1
0.0,5.0,1.6998745429975364,1
0.0,5.0,1.7123571993692155,1
0.0,5.0,1.493091504684114,1
0.0,5.0,1.4716159362017858,1
0.0,5.0,1.5893351027605047,1
0.0,5.0,1.6957724829340919,1
0.0,5.0,1.6714975132020238,1
0.0,5.0,1.6064388514836125,1
0.0,5.0,1.691169693228771,1
0.0,5.0,1.7622466584027066,1
0.0,5.0,1.8494477124417583,1
0.0,5.0,1.6193035789763215,1
0.0,5.0,1.720987642350154,1
0.0,5.0,1.62322467038117,1
0.0,6.875,1.6893110445646966,1
0.0,6.875,1.6996865840597304,1
0.0,6.875,1.7445740105007679,1
0.0,6.875,1.7067528121754052,1
0.0,6.875,1.7962619327428742,1
0.0,6.875,1.6369289869151007,1
0.0,6.875,1.7242728572655133,1
0.0,6.875,1.6705444495955137,1
0.0,6.875,1.7658821654790149,1
0.0,6.875,1.7535402743158512,1
0.0,6.875,1.9640423268425313,1
0.0,6.875,1.7095808059449125,1
0.0,6.875,1.9546109621094152,1
0.0,6.875,1.9152663306375595,1
0.0,6.875,1.8323906109227466,1
0.0,6.875,1.8078935061622692,1
0.0,6.875,1.8330414701763054,1
0.0,6.875,1.670728067270576,1
0.0,6.875,1.7822280345440513,1
0.0,6.875,1.7817370110287043,1
0.0,6.875,1.736576356868611,1
0.0,6.875,1.956134083449799,1
0.0,6.875,1.7112615284359847,1
0.0,6.875,1.720240111467864,1
0.0,6.875,2.001364898874032,1
0.0,6.875,1.8507190092553107,1
0.0,6.875,1.737796456998728,1
0.0,6.875,1.8429225228145338,1
0.0,6.875,1.839472323799046,1
0.0,6.875,1.8456320706753746,1
0.0,8.75,1.8513379202970286,1
0.0,8.75,1.896306722662747,1
0.0,8.75,1.762869614240422,1
0.0,8.75,1.7418815570584834,1
0.0,8.75,1.8390057419187398,1
0.0,8.75,1.8472106615000685,1
0.0,8.75,1.9740593135906481,1
0.0,8.75,1.9793801229450183,1
0.0,8.75,1.960246348390096,1
0.0,8.75,1.8773872718899893,1
0.0,8.75,1.8010485146280484,1
0.0,8.75,1.715732566606409,1
0.0,8.75,1.9863988106487378,1
0.0,8.75,1.8710629129924494,1
0.0,8.75,1.7981204793722432,1
0.0,8.75,1.9274531143051061,1
0.0,8.75,1.9207733126989228,1
0.0,8.75,1.8819829949951994,1
0.0,8.75,1.7841466785627544,1
0.0,8.75,1.7980653733433003,1
0.0,8.75,1.7289584780886318,1
0.0,8.75,2.0751053301334585,1
0.0,8.75,1.9571093157320751,1
0.0,8.75,1.7843609629857224,1
0.0,8.75,1.9898209568600915,1
0.0,8.75,1.9479840699028825,1
0.0,8.75,2.0162006133994366,1
0.0,8.75,1.7437737303589005,1
0.0,8.75,1.8416760374957877,1
0.0,8.75,1.7994421417106345,1
0.0,10.625,1.8463574004117835,1
0.0,10.625,1.8788850895712512,1
0.0,10.625,1.9354817169111815,1
0.0,10.625,1.9343520434354908,1
0.0,10.625,1.8545548306226096,1
0.0,10.625,1.8565555818232753,1
0.0,10.625,2.0186899630711426,1
0.0,10.625,1.9026988804393663,1
0.0,10.625,2.1063988885052933,1
0.0,10.625,1.8475033324969174,1
0.0,10.625,1.8547589957800867,1
0.0,10.625,1.8171267811276173,1
0.0,10.625,1.9693205218125787,1
0.0,10.625,1.879060273111437,1
0.0,10.625,1.989237513438493,1
0.0,10.625,1.7497909684684239,1
0.0,10.625,1.8481431753912223,1
0.0,10.625,1.8405368104954372,1
0.0,10.625,2.0243217594211536,1
0.0,10.625,1.9863090814336912,1
0.0,10.625,2.006005471736444,1
0.0,10.625,1.9283785716910644,1
0.0,10.625,1.9128192324568045,1
0.0,10.625,1.9288899947796696,1
0.0,10.625,1.909882750534486,1
0.0,10.625,1.8778762979303965,1
0.0,10.625,1.9148293888688168,1
0.0,10.625,1.8023316407375805,1
0.0,10.625,1.9807178925600688,1
0.0,10.625,2.0252761755214936,1
0.0,12.5,1.8578104182524322,1
0.0,12.5,1.876343179619866,1
0.0,12.5,1.8966093958417811,1
0.0,12.5,1.9147158565469606,1
0.0,12.5,1.9714783567262375,1
0.0,12.5,2.0436568670017308,1
0.0,12.5,1.934793376341312,1
0.0,12.5,1.8549021568623376,1
0.0,12.5,1.8650793504622984,1
0.0,12.5,1.8347674112817263,1
0.0,12.5,1.766088430462578,1
0.0,12.5,1.876665794926587,1
0.0,12.5,1.944525518903828,1
0.0,12.5,2.017984368717062,1
0.0,12.5,1.9534652072247363,1
0.0,12.5,2.032706521052021,1
0.0,12.5,2.005488368580439,1
0.0,12.5,1.9412251382780916,1
0.0,12.5,1.988662060552098,1
0.0,12.5,1.9819199770924603,1
0.0,12.5,1.8681249100348534,1
0.0,12.5,1.9584458876022641,1
0.0,12.5,1.855990469960259,1
0.0,12.5,1.8680212793404063,1
0.0,12.5,2.0213320306173244,1
0.0,12.5,1.9622526985152866,1
0.0,12.5,1.924608299584338,1
0.0,12.5,1.920105454323491,1
0.0,12.5,1.8803813261316933,1
0.0,12.5,1.864759767668416,1
0.0,14.375,1.8411465519016024,1
0.0,14.375,1.8585166946842855,1
0.0,14.375,1.9559998920184363,1
0.0,14.375,2.005749752066781,1
0.0,14.375,2.0654653683898836,1
0.0,14.375,2.1065255691609104,1
0.0,14.375,1.925870729335868,1
0.0,14.375,1.8838008908735098,1
0.0,14.375,1.8889985407471905,1
0.0,14.375,1.8995395141388394,1
0.0,14.375,1.9600992722798223,1
0.0,14.375,1.922675581350967,1
0.0,14.375,1.9156231993290622,1
0.0,14.375,1.8811423170114316,1
0.0,14.375,1.897909756148203,1
0.0,14.375,1.9833708806233266,1
0.0,14.375,1.9432136734542305,1
0.0,14.375,1.8839392138286097,1
0.0,14.375,1.9696954983265922,1
0.0,14.375,1.9869303447363236,1
0.0,14.375,1.8755063791664375,1
0.0,14.375,1.930574284052456,1
0.0,14.375,1.8903810833930124,1
0.0,14.375,1.8852831431375328,1
0.0,14.375,1.8991958532468345,1
0.0,14.375,2.005300778475738,1
0.0,14.375,1.9241101590240794,1
0.0,14.375,1.9514457174673485,1
0.0,14.375,1.914840119919335,1
0.0,14.375,1.9109594142155586,1
0.0,16.25,1.9480551676788664,1
0.0,16.25,1.9720799592622058,1
0.0,16.25,1.828613137056872,1
0.0,16.25,1.8730858458232422,1
0.0,16.25,1.886856484451729,1
0.0,16.25,1.9073671021010468,1
0.0,16.25,1.8875381573526608,1
0.0,16.25,1.9073911592666206,1
0.0,16.25,1.9053360745077859,1
0.0,16.25,1.9301611136429049,1
0.0,16.25,1.9491664853735782,1
0.0,16.25,1.9371866638197124,1
0.0,16.25,1.9093855902313308,1
0.0,16.25,1.9556123137790358,1
0.0,16.25,1.9176161538183567,1
0.0,16.25,2.036641474124363,1
0.0,16.25,1.956862729952412,1
0.0,16.25,1.9386528695872254,1
0.0,16.25,1.9486726115285917,1
0.0,16.25,1.8307033996641364,1
0.0,16.25,1.9241846306724302,1
0.0,16.25,1.9664072840455507,1
0.0,16.25,1.9826591547458963,1
0.0,16.25,1.9798138569427217,1
0.0,16.25,2.0043818599018444,1
0.0,16.25,1.9340585535912018,1
0.0,16.25,1.9085618082290872,1
0.0,16.25,1.909401634861094,1
0.0,16.25,1.897731965123532,1
0.0,16.25,1.9424763336915813,1
0.0,18.125,1.9190923391498056,1
0.0,18.125,1.9270982952586673,1
0.0,18.125,1.942163003940186,1
0.0,18.125,1.9121593626493683,1
0.0,18.125,1.915641100259051,1
0.0,18.125,1.894690774195871,1
0.0,18.125,1.962606952281404,1
0.0,18.125,1.9721331545278498,1
0.0,18.125,2.007942433025437,1
0.0,18.125,1.9846119677378415,1
0.0,18.125,1.9474401224039246,1
0.0,18.125,1.8912875829158131,1
0.0,18.125,1.918477347868516,1
0.0,18.125,1.8877144666340155,1
0.0,18.125,1.9151740352023112,1
0.0,18.125,1.9367476223560594,1
0.0,18.125,1.883313806428478,1
0.0,18.125,1.9555163962147049,1
0.0,18.125,1.8831065712006858,1
0.0,18.125,1.8603207795239693,1
0.0,18.125,1.8738305826422768,1
0.0,18.125,1.83849156181004,1
0.0,18.125,1.9523541523046883,1
0.0,18.125,1.8156391170032902,1
0.0,18.125,1.935714744954166,1
0.0,18.125,1.9388123539082498,1
0.0,18.125,1.9504223560340532,1
0.0,18.125,1.9253653180138368,1
0.0,18.125,1.8750779101776542,1
0.0,18.125,1.9250143097178343,1
0.0,20.0,1.9880563318834907,1
0.0,20.0,1.9181870633704758,1
0.0,20.0,1.9933461432827833,1
0.0,20.0,1.9603739122571031,1
0.0,20.0,1.8934662022610111,1
0.0,20.0,1.889517946924806,1
0.0,20.0,1.890134841146734,1
0.0,20.0,1.7990517300492317,1
0.0,20.0,1.8718590542556262,1
0.0,20.0,1.9464198013387728,1
0.0,20.0,1.9931911478482078,1
0.0,20.0,1.9534627007972827,1
0.0,20.0,2.004176223020374,1
0.0,20.0,1.9249106242134226,1
0.0,20.0,1.9736758246469261,1
0.0,20.0,1.9535588989386732,1
0.0,20.0,2.0170004874598124,1
0.0,20.0,1.9564939919446875,1
0.0,20.0,1.8749282854198177,1
0.0,20.0,1.900239694063352,1
0.0,20.0,1.9238259402870614,1
0.0,20.0,1.8950513541835936,1
0.0,20.0,1.9965426928559706,1
0.0,20.0,1.912348393399871,1
0.0,20.0,1.9617440984052061,1
0.0,20.0,2.0008305175345775,1
0.0,20.0,1.8933332477609643,1
0.0,20.0,1.9279777261427176,1
0.0,20.0,1.9298654417917025,1
0.0,20.0,1.9292844094835189,1
0.01,5.0,1.6411515307574511,1
0.01,5.0,1.4493994770639205,1
0.01,5.0,1.4851234673071096,1
0.01,5.0,1.7939951997633876,1
0.01,5.0,1.732341268000601,1
0.01,5.0,1.6756725208391303,1
0.01,5.0,1.6355911411559791,1
0.01,5.0,1.7043796334616308,1
0.01,5.0,1.521928379485357,0
0.01,5.0,1.5712797427307115,1
0.01,5.0,1.455788981049758,1
0.01,5.0,1.593258434899246,0
0.01,5.0,1.6139824588732732,1
0.01,5.0,1.4888202997621816,1
0.01,5.0,1.5139952043459588,1
0.01,5.0,1.6522036120475423,1
0.01,5.0,1.705373151790041,1
0.01,5.0,1.6135339371497563,1
0.01,5.0,1.5901495861822514,1
0.01,5.0,1.1663311668630565,0
0.01,5.0,1.4418665648759985,0
0.01,5.0,1.6891653006201397,1
0.01,5.0,1.6012400773978963,1
0.01,5.0,1.7088170660204691,1
0.01,5.0,1.921800983972033,1
0.01,5.0,1.603265073245357,1
0.01,5.0,1.5571980234744216,1
0.01,5.0,1.4595160997800087,0
0.01,5.0,1.4435698816665394,0
0.01,5.0,1.4278542470849684,0
0.01,6.875,1.8195913470550868,1
0.01,6.875,1.8100622788445153,1
0.01,6.875,1.912787061030666,1
0.01,6.875,1.9054826125571875,1
0.01,6.875,1.7612119958622907,1
0.01,6.875,1.8220943446395559,1
0.01,6.875,1.9755700278932742,1
0.01,6.875,1.911522466632276,1
0.01,6.875,1.7723495075028843,1
0.01,6.875,1.8703792749842145,1
0.01,6.875,1.8820521919152033,1
0.01,6.875,1.762710488358649,1
0.01,6.875,1.9323214452055555,1
0.01,6.875,1.857342552343579,1
0.01,6.875,1.9811414221875137,1
0.01,6.875,1.7535831754257778,1
0.01,6.875,1.8266860553998936,1
0.01,6.875,1.9353699757158511,1
0.01,6.875,1.729136592918507,1
0.01,6.875,1.7084190945529967,1
0.01,6.875,1.6412951629607428,1
0.01,6.875,1.842658844327922,1
0.01,6.875,1.6906132876227398,1
0.01,6.875,1.9692384956399025,1
0.01,6.875,1.8754400436464813,1
0.01,6.875,1.747782470214535,1
0.01,6.875,1.7362266696791535,1
0.01,6.875,2.02656375232042,1
0.01,6.875,1.7673316376151134,1
0.01,6.875,1.7467651579221015,1
0.01,8.75,1.8941948433313578,1
0.01,8.75,1.7847021732025488,1
0.01,8.75,1.814914278149109,1
0.01,8.75,1.8613401178731344,1
0.01,8.75,1.970450438995169,1
0.01,8.75,1.8407518245049261,1
0.01,8.75,1.9844460968890438,1
0.01,8.75,1.8712303301224802,1
0.01,8.75,1.83270929411864,1
0.01,8.75,1.855111251156393,1
0.01,8.75,1.7790387816518936,1
0.01,8.75,1.9021582514986564,1
0.01,8.75,1.825051144398375,1
0.01,8.75,1.8626702971375928,1
0.01,8.75,1.880438885759334,1
0.01,8.75,2.005512738146993,1
0.01,8.75,1.9556549313703533,1
0.01,8.75,1.7636780962028962,1
0.01,8.75,1.8577910014326369,1
0.01,8.75,1.9142685499662546,1
0.01,8.75,1.887881307358553,1
0.01,8.75,1.9796754369256293,1
0.01,8.75,1.9471833376177727,1
0.01,8.75,1.9275407687172115,1
0.01,8.75,1.7499250686943504,1
0.01,8.75,1.8144628625453267,1
0.01,8.75,1.8481891906591061,1
0.01,8.75,2.042923784939442,1
0.01,8.75,1.7758903410520515,1
0.01,8.75,1.8586314404997097,1
0.01,10.625,1.824491958440547,1
0.01,10.625,1.8158961017209978,1
0.01,10.625,1.931740930796541,1
0.01,10.625,1.8566007279731345,1
0.01,10.625,2.0076927761667513,1
0.01,10.625,1.8371551480672412,1
0.01,10.625,1.826764099127504,1
0.01,10.625,1.8516901440633464,1
0.01,10.625,1.9069053369590894,1
0.01,10.625,1.9554325554694936,1
0.01,10.625,1.8491367060411432,1
0.01,10.625,1.9198623619155124,1
0.01,10.625,1.9752785280768612,1
0.01,10.625,1.9672333261518724,1
0.01,10.625,1.8454965650786805,1
0.01,10.625,2.108859673982939,1
0.01,10.625,1.993397546043557,1
0.01,10.625,1.9537048983421204,1
0.01,10.625,1.7976631684391202,1
0.01,10.625,1.7826815040678075,1
0.01,10.625,1.7759949756169222,1
0.01,10.625,1.8404823549731197,1
0.01,10.625,1.8199222065199057,1
0.01,10.625,1.8175447893352459,1
0.01,10.625,1.8110992360148093,1
0.01,10.625,1.8613296063635756,1
0.01,10.625,1.8036272267090834,1
0.01,10.625,2.0531443136139647,1
0.01,10.625,1.8891581458807096,1
0.01,10.625,1.9211722826857276,1
0.01,12.5,1.8879374010439096,1
0.01,12.5,1.863038818320271,1
0.01,12.5,1.8693365425809598,1
0.01,12.5,1.8496147384180197,1
0.01,12.5,1.9367035907835934,1
0.01,12.5,1.7716182183258324,1
0.01,12.5,1.923480570106872,1
0.01,12.5,1.93157219994547,1
0.01,12.5,1.8166298390385083,1
0.01,12.5,1.845053820554489,1
0.01,12.5,2.022413311371689,1
0.01,12.5,1.989160413589432,1
0.01,12.5,2.0038174764965104,1
0.01,12.5,2.0230672372102587,1
0.01,12.5,1.8867747252340485,1
0.01,12.5,1.7516537706317692,1
0.01,12.5,1.847232133420352,1
0.01,12.5,1.8038822207519989,1
0.01,12.5,1.9524411636698678,1
0.01,12.5,1.9814206979976194,1
0.01,12.5,1.9913991941515878,1
0.01,12.5,1.9873544892180466,1
0.01,12.5,1.878417755472845,1
0.01,12.5,1.8572931742543646,1
0.01,12.5,1.9228965619012652,1
0.01,12.5,1.8749474378872397,1
0.01,12.5,1.9026026444154964,1
0.01,12.5,1.8535227995672063,1
0.01,12.5,1.8785869772686654,1
0.01,12.5,1.984424504974708,1
0.01,14.375,1.8878894214341735,1
0.01,14.375,1.862097402977126,1
0.01,14.375,1.8256761855765244,1
0.01,14.375,1.8902530230468,1
0.01,14.375,1.895362308266854,1
0.01,14.375,1.9149432972386051,1
0.01,14.375,1.8838098221529906,1
0.01,14.375,1.9171310723146988,1
0.01,14.375,1.8403471416660508,1
0.01,14.375,1.9138550817347948,1
0.01,14.375,1.932589064362563,1
0.01,14.375,2.0081486664510857,1
0.01,14.375,1.9740281914931828,1
0.01,14.375,1.9776801048715056,1
0.01,14.375,1.9465973555228768,1
0.01,14.375,1.9539001343821463,1
0.01,14.375,1.8663632562648842,1
0.01,14.375,1.947483067937914,1
0.01,14.375,1.9552305137506871,1
0.01,14.375,1.9452075647482219,1
0.01,14.375,1.8793067046665235,1
0.01,14.375,1.9364302400204798,1
0.01,14.375,1.8615835041389965,1
0.01,14.375,1.8913373297683729,1
0.01,14.375,1.9783618126499956,1
0.01,14.375,1.964637713578306,1
0.01,14.375,1.9303474354482828,1
0.01,14.375,1.9321535941089214,1
0.01,14.375,1.9462331541258768,1
0.01,14.375,1.977637693800893,1
0.01,16.25,1.8867095113229362,1
0.01,16.25,1.9586804891533593,1
0.01,16.25,1.9600151687720002,1
0.01,16.25,1.9328568005834061,1
0.01,16.25,1.872372987565241,1
0.01,16.25,1.8770024135936283,1
0.01,16.25,1.864590365391544,1
0.01,16.25,1.9094066990546652,1
0.01,16.25,1.8540884001131521,1
0.01,16.25,1.918615606574616,1
0.01,16.25,1.938693047968085,1
0.01,16.25,1.922031459275905,1
0.01,16.25,1.9283110411493203,1
0.01,16.25,2.0252721442532766,1
0.01,16.25,1.873425123062045,1
0.01,16.25,1.983502401552202,1
0.01,16.25,1.971459675726262,1
0.01,16.25,1.9547634607409516,1
0.01,16.25,1.8739927298273706,1
0.01,16.25,1.8115071975018566,1
0.01,16.25,1.9013733176210796,1
0.01,16.25,1.9035355917755097,1
0.01,16.25,1.9589224733735286,1
0.01,16.25,1.923692536472454,1
0.01,16.25,1.9237388551687413,1
0.01,16.25,1.869277524881458,1
0.01,16.25,1.9344214188714506,1
0.01,16.25,1.901921711221131,1
0.01,16.25,1.9368348595194866,1
0.01,16.25,1.9588392236347985,1
0.01,18.125,1.9644558437287456,1
0.01,18.125,1.9780219553654348,1
0.01,18.125,1.9358311322335127,1
0.01,18.125,1.9106072014329287,1
0.01,18.125,1.889341454364033,1
0.01,18.125,1.9424446144670025,1
0.01,18.125,1.91656689181406,1
0.01,18.125,1.847815587070755,1
0.01,18.125,1.950899516540366,1
0.01,18.125,1.9025385894173532,1
0.01,18.125,2.0219795981971105,1
0.01,18.125,1.9691756440379986,1
0.01,18.125,1.82397929754222,1
0.01,18.125,1.8920552207077075,1
0.01,18.125,1.8747797054658466,1
0.01,18.125,1.8698184708456627,1
0.01,18.125,1.9414265397725157,1
0.01,18.125,1.9100741091773217,1
0.01,18.125,1.9182091954444604,1
0.01,18.125,1.9186718476227689,1
0.01,18.125,1.9303462090986307,1
0.01,18.125,2.002754052899511,1
0.01,18.125,1.9952680054053502,1
0.01,18.125,1.9436972018408454,1
0.01,18.125,1.9551261763427565,1
0.01,18.125,1.9341776215085158,1
0.01,18.125,1.9199412125054445,1
0.01,18.125,1.911580899156636,1
0.01,18.125,1.9326470612764388,1
0.01,18.125,1.8912567588150349,1
0.01,20.0,1.9261421684754017,1
0.01,20.0,1.866745976525741,1
0.01,20.0,1.8895006163092145,1
0.01,20.0,1.9936116578813132,1
0.01,20.0,2.0140825397521143,1
0.01,20.0,1.9358899943658008,1
0.01,20.0,1.8852625115131232,1
0.01,20.0,2.053366864447705,1
0.01,20.0,1.9643932756536246,1
0.01,20.0,1.9743417292302718,1
0.01,20.0,1.9591016854128507,1
0.01,20.0,1.9188398843568635,1
0.01,20.0,1.9684519239369094,1
0.01,20.0,1.9525853714604258,1
0.01,20.0,1.9661522764367552,1
0.01,20.0,1.9140128295444458,1
0.01,20.0,1.975091238197563,1
0.01,20.0,1.974274127490662,1
0.01,20.0,1.888536492500277,1
0.01,20.0,1.9557641574487794,1
0.01,20.0,1.9099808515672423,1
0.01,20.0,1.9185742478206862,1
0.01,20.0,1.9209985470054982,1
0.01,20.0,1.8948614522749712,1
0.01,20.0,1.9007417434128182,1
0.01,20.0,1.9176598300059144,1
0.01,20.0,1.9094980456531925,1
0.01,20.0,1.9031004299488234,1
0.01,20.0,1.9657813417395595,1
0.01,20.0,1.9547636909496147,1
0.05,5.0,1.352459622812473,0
0.05,5.0,1.1196057328877407,0
0.05,5.0,1.1391094553807248,0
0.05,5.0,1.7184357889350752,1
0.05,5.0,1.8562147761649006,0
0.05,5.0,1.5885499432248005,1
0.05,5.0,2.029088927482379,1
0.05,5.0,1.8554530281926254,1
0.05,5.0,1.7455022926945358,1
0.05,5.0,1.5702418278022292,1
0.05,5.0,1.7184275126680946,1
0.05,5.0,1.8426305329590524,1
0.05,5.0,1.5198503656017235,1
0.05,5.0,1.466419519329449,0
0.05,5.0,1.6457130005625122,0
0.05,5.0,1.751098845123986,1
0.05,5.0,1.6812464845268833,1
0.05,5.0,1.7641715925580455,1
0.05,5.0,1.5933768959469126,1
0.05,5.0,1.6815607017044074,1
0.05,5.0,1.7134195761772308,1
0.05,5.0,1.8131538725577256,1
0.05,5.0,1.8574602123890578,1
0.05,5.0,1.6966156210469772,1
0.05,5.0,1.7495397241166935,1
0.05,5.0,1.9187937474388805,1
0.05,5.0,1.5438993701303003,0
0.05,5.0,1.944042291854758,1
0.05,5.0,1.930744730197276,1
0.05,5.0,1.7913071130714477,1
0.05,6.875,1.7900667986894896,1
0.05,6.875,1.8706620070905224,1
0.05,6.875,1.7145546280554518,1
0.05,6.875,1.8201223181543047,1
0.05,6.875,1.823400820318005,1
0.05,6.875,2.063706492205061,1
0.05,6.875,1.6707865960507495,1
0.05,6.875,1.7692136159543486,1
0.05,6.875,1.6747284656887824,1
0.05,6.875,1.801717744772517,1
0.05,6.875,1.7151139835774196,1
0.05,6.875,1.7179176598647103,1
0.05,6.875,1.906236193402589,1
0.05,6.875,1.7760523304765876,1
0.05,6.875,1.9072187234568438,1
0.05,6.875,1.7115503879955551,1
0.05,6.875,1.76030350603097,1
0.05,6.875,1.7953323933749574,1
0.05,6.875,1.8241249939266269,1
0.05,6.875,1.6392866540226638,1
0.05,6.875,1.8205554028303965,1
0.05,6.875,1.6895689757522305,1
0.05,6.875,1.9721902774135502,1
0.05,6.875,1.7196447584419654,1
0.05,6.875,1.8864980198618004,1
0.05,6.875,1.83982157332618,1
0.05,6.875,1.8685407498679167,1
0.05,6.875,1.887806828702321,1
0.05,6.875,1.8123435093651876,1
0.05,6.875,1.8338148876742526,1
0.05,8.75,1.8175342328079271,1
0.05,8.75,1.7829899387235582,1
0.05,8.75,1.7603152906796062,1
0.05,8.75,1.8873878742719346,1
0.05,8.75,1.7862997346250493,1
0.05,8.75,1.9547209969037482,1
0.05,8.75,1.9222190899597282,1
0.05,8.75,1.8302947937235234,1
0.05,8.75,1.8162731636592644,1
0.05,8.75,2.088059726446568,1
0.05,8.75,1.9309623598465424,1
0.05,8.75,1.7995573659662334,1
0.05,8.75,1.7413452001945937,1
0.05,8.75,1.808449846821444,1
0.05,8.75,1.8945237504599208,1
0.05,8.75,1.7581879502296285,1
0.05,8.75,1.7157727665752593,1
0.05,8.75,1.5423192723364814,1
0.05,8.75,1.9556665922520418,1
0.05,8.75,2.0191610734441205,1
0.05,8.75,1.9201576073847098,1
0.05,8.75,1.8270943628130787,1
0.05,8.75,1.8229560555202942,1
0.05,8.75,1.8076313736848466,1
0.05,8.75,1.9317914267512017,1
0.05,8.75,1.9234838869194066,1
0.05,8.75,1.8788140624096425,1
0.05,8.75,1.7817695601724197,1
0.05,8.75,1.8698654320902721,1
0.05,8.75,1.829383490350082,1
0.05,10.625,1.9646697847263448,1
0.05,10.625,1.8783621242902595,1
0.05,10.625,1.9377346351832587,1
0.05,10.625,2.0653688354813484,1
0.05,10.625,1.845030676737897,1
0.05,10.625,1.989383442296269,1
0.05,10.625,1.9379411406123348,1
0.05,10.625,2.03595594137381,1
0.05,10.625,1.998335228972798,1
0.05,10.625,1.932610726394868,1
0.05,10.625,1.7893843531947682,1
0.05,10.625,1.7862334879812993,1
0.05,10.625,1.9374702095713223,1
0.05,10.625,1.8107841866152008,1
0.05,10.625,1.8363282550509303,1
0.05,10.625,1.9414363382088098,1
0.05,10.625,1.8558670429758726,1
0.05,10.625,1.8220218663485261,1
0.05,10.625,1.8176104283736367,1
0.05,10.625,1.8173255211664752,1
0.05,10.625,1.885645249021507,1
0.05,10.625,1.870534124295417,1
0.05,10.625,1.9498057746844877,1
0.05,10.625,1.8809642767969696,1
0.05,10.625,2.0640323650533072,1
0.05,10.625,1.8801285479760061,1
0.05,10.625,2.027344736830844,1
0.05,10.625,1.8168601081804048,1
0.05,10.625,1.8894337395429943,1
0.05,10.625,1.8553246204367055,1
0.05,12.5,1.8940914972858598,1
0.05,12.5,1.8547810695823492,1
0.05,12.5,1.9168183364778668,1
0.05,12.5,1.8511778622346164,1
0.05,12.5,1.913458862959206,1
0.05,12.5,1.9049138985858762,1
0.05,12.5,1.9465755091480585,1
0.05,12.5,1.8952260908939262,1
0.05,12.5,2.041889771522859,1
0.05,12.5,1.8834057684355954,1
0.05,12.5,1.857503676830863,1
0.05,12.5,2.0431456093806823,1
0.05,12.5,1.9935346972921606,1
0.05,12.5,1.9467910465637548,1
0.05,12.5,1.8475446062002165,1
0.05,12.5,1.938628995955105,1
0.05,12.5,1.8490673737459038,1
0.05,12.5,1.8199141378045305,1
0.05,12.5,1.9055805700282487,1
0.05,12.5,1.9228297616415735,1
0.05,12.5,1.8843769000818917,1
0.05,12.5,1.881489675640089,1
0.05,12.5,1.9989465128131105,1
0.05,12.5,1.9196474690401781,1
0.05,12.5,1.8871836230266539,1
0.05,12.5,1.9626894604216953,1
0.05,12.5,1.9444559134548558,1
0.05,12.5,1.8319002163956761,1
0.05,12.5,1.8525619004456586,1
0.05,12.5,1.9068109303991452,1
0.05,14.375,1.9050273056471423,1
0.05,14.375,1.8909368609738508,1
0.05,14.375,1.8919659598339014,1
0.05,14.375,2.0435678920748663,1
0.05,14.375,2.0084799994165343,1
0.05,14.375,1.9962827537981354,1
0.05,14.375,2.000798470767973,1
0.05,14.375,1.969350525297123,1
0.05,14.375,1.8938439375909608,1
0.05,14.375,1.8795021528417162,1
0.05,14.375,1.9216188848164735,1
0.05,14.375,1.9257335105330833,1
0.05,14.375,1.9374175170497525,1
0.05,14.375,1.9850031239906387,1
0.05,14.375,1.8930285809213365,1
0.05,14.375,1.9012810883516826,1
0.05,14.375,1.8704205889070817,1
0.05,14.375,1.867858942950691,1
0.05,14.375,2.0563187477507237,1
0.05,14.375,1.8799933158424909,1
0.05,14.375,1.9094095093095456,1
0.05,14.375,1.9200461911895417,1
0.05,14.375,1.8822774402692821,1
0.05,14.375,1.834868904228569,1
0.05,14.375,1.8748765458190697,1
0.05,14.375,1.8332353070698364,1
0.05,14.375,1.932916618282183,1
0.05,14.375,1.9215927172637635,1
0.05,14.375,1.8968610781416844,1
0.05,14.375,1.9802270407238103,1
0.05,16.25,1.840517075981265,1
0.05,16.25,1.8900260319822355,1
0.05,16.25,1.8693876281945547,1
0.05,16.25,1.9943543885274393,1
0.05,16.25,1.8603965688333488,1
0.05,16.25,1.8743292892884789,1
0.05,16.25,1.9015103242406168,1
0.05,16.25,1.9533134472807148,1
0.05,16.25,1.9565594064474003,1
0.05,16.25,1.89865268933976,1
0.05,16.25,1.9276934494412652,1
0.05,16.25,1.8801658895403197,1
0.05,16.25,1.902181875802886,1
0.05,16.25,1.9136860588927713,1
0.05,16.25,2.0115205748401985,1
0.05,16.25,1.9288827082746596,1
0.05,16.25,1.9573098908419175,1
0.05,16.25,1.945026258162615,1
0.05,16.25,1.9449326208851154,1
0.05,16.25,1.9422797313517226,1
0.05,16.25,1.9119215772057372,1
0.05,16.25,1.9127394572024141,1
0.05,16.25,1.868086971797019,1
0.05,16.25,1.8739019829260803,1
0.05,16.25,1.9129515017462828,1
0.05,16.25,1.932924735837814,1
0.05,16.25,1.9609005683360858,1
0.05,16.25,1.9376374564465244,1
0.05,16.25,1.9708604921643573,1
0.05,16.25,1.9248055487470417,1
0.05,18.125,1.9857549512386905,1
0.05,18.125,1.9421554927232507,1
0.05,18.125,1.9760494650001998,1
0.05,18.125,1.9227067729286893,1
0.05,18.125,1.885201526806837,1
0.05,18.125,1.91397603227903,1
0.05,18.125,1.878102499030157,1
0.05,18.125,1.8302492085926367,1
0.05,18.125,1.950913358877571,1
0.05,18.125,1.9049800367707967,1
0.05,18.125,1.863434940462412,1
0.05,18.125,1.9420336729760588,1
0.05,18.125,1.924118883104587,1
0.05,18.125,1.964288216728003,1
0.05,18.125,1.9331165818215565,1
0.05,18.125,1.886190851954636,1
0.05,18.125,1.8625741462891445,1
0.05,18.125,1.9303010622302135,1
0.05,18.125,2.0000302609217004,1
0.05,18.125,1.9955226218376831,1
0.05,18.125,1.9371395285551987,1
0.05,18.125,1.9899766986729097,1
0.05,18.125,1.9341133786492621,1
0.05,18.125,1.885775952148476,1
0.05,18.125,1.9250559747708782,1
0.05,18.125,1.9304683835661498,1
0.05,18.125,1.9414141728868763,1
0.05,18.125,1.937542094466486,1
0.05,18.125,1.9430375507255713,1
0.05,18.125,1.9376390212661427,1
0.05,20.0,1.9749321369064876,1
0.05,20.0,1.916535708734284,1
0.05,20.0,1.9300214575476717,1
0.05,20.0,1.9701454125580218,1
0.05,20.0,1.8657411063592846,1
0.05,20.0,1.9473371695979853,1
0.05,20.0,2.0473231746567433,1
0.05,20.0,1.90151535182627,1
0.05,20.0,1.916430470629707,1
0.05,20.0,2.016989499949505,1
0.05,20.0,1.9102035251525802,1
0.05,20.0,1.8650293148541637,1
0.05,20.0,1.8869511611891847,1
0.05,20.0,1.9710170415496528,1
0.05,20.0,1.8908415260831717,1
0.05,20.0,1.901914812908886,1
0.05,20.0,1.8718000889539552,1
0.05,20.0,1.9091234493849694,1
0.05,20.0,1.9293189817205554,1
0.05,20.0,1.9633001484455077,1
0.05,20.0,1.9762199561639469,1
0.05,20.0,1.8883887927038847,1
0.05,20.0,1.923346906138058,1
0.05,20.0,1.8831465146267743,1
0.05,20.0,1.9297987944960537,1
0.05,20.0,1.924724404622703,1
0.05,20.0,1.9623948378109737,1
0.05,20.0,1.996185052855206,1
0.05,20.0,1.9832563165480996,1
0.05,20.0,1.9508690552189891,1
0.1,5.0,1.4626931999702446,1
0.1,5.0,1.7048869673179476,1
0.1,5.0,1.4609779044959061,1
0.1,5.0,1.7258276019110153,1
0.1,5.0,1.7440489995925095,1
0.1,5.0,1.6195586535192454,1
0.1,5.0,1.5684967966327164,1
0.1,5.0,1.5476955561429286,0
0.1,5.0,1.3170510204391976,0
0.1,5.0,1.2221686241615257,1
0.1,5.0,1.446671585292929,1
0.1,5.0,1.4391810206200946,1
0.1,5.0,1.7886306046294231,1
0.1,5.0,1.8975899011172643,1
0.1,5.0,1.7888424573218744,1
0.1,5.0,1.739910371843438,1
0.1,5.0,1.5968674416999555,1
0.1,5.0,1.5329606125898518,1
0.1,5.0,1.737149092060009,1
0.1,5.0,1.466738641140957,0
0.1,5.0,1.5291363735654264,0
0.1,5.0,2.357070205176181,1
0.1,5.0,1.0425911010156608,0
0.1,5.0,1.5201993759360393,0
0.1,5.0,1.8144267996638954,1
0.1,5.0,1.6385868449796044,1
0.1,5.0,1.810365293924271,1
0.1,5.0,1.2252950868134558,0
0.1,5.0,2.0609133018980765,1
0.1,5.0,1.3922572167140435,0
0.1,6.875,1.8415509223432116,1
0.1,6.875,1.778257855756834,1
0.1,6.875,1.754034025867682,1
0.1,6.875,1.7145279560573423,1
0.1,6.875,1.6686095690997855,1
0.1,6.875,1.746889244772977,1
0.1,6.875,1.8297914923550067,1
0.1,6.875,1.6380438214820618,1
0.1,6.875,1.820386210176341,1
0.1,6.875,1.733209354770363,1
0.1,6.875,1.8671098137815512,1
0.1,6.875,1.7530165725553917,1
0.1,6.875,1.69654989954363,1
0.1,6.875,2.0363744301989297,1
0.1,6.875,1.7495796743470775,1
0.1,6.875,1.6202601411333384,1
0.1,6.875,1.3788405518483369,0
0.1,6.875,1.608178887834544,1
0.1,6.875,1.741960560606568,1
0.1,6.875,1.720234715284642,1
0.1,6.875,1.8094337641554301,1
0.1,6.875,1.760031565300441,1
0.1,6.875,1.0432181557131395,1
0.1,6.875,1.401064870182277,1
0.1,6.875,1.8136529740901661,1
0.1,6.875,1.9597954664161978,1
0.1,6.875,1.8894811902637902,1
0.1,6.875,1.8586165365832363,1
0.1,6.875,1.5522004266311973,1
0.1,6.875,1.8289613133249187,1
0.1,8.75,1.8149129815549463,1
0.1,8.75,1.7922733262947708,1
0.1,8.75,1.856601974194586,1
0.1,8.75,1.7952527720342795,1
0.1,8.75,1.8549945898061435,1
0.1,8.75,1.7450988688381721,1
0.1,8.75,1.8087086015680456,1
0.1,8.75,1.8069538989813645,1
0.1,8.75,1.767673507493848,1
0.1,8.75,1.716588172424187,1
0.1,8.75,1.8399005611652768,1
0.1,8.75,1.76286275630316,1
0.1,8.75,1.899593555851486,1
0.1,8.75,1.8065728191885198,1
0.1,8.75,1.820190970768487,1
0.1,8.75,1.769516095637839,1
0.1,8.75,1.8850618117397269,1
0.1,8.75,1.9505354046742933,1
0.1,8.75,1.876915926370245,1
0.1,8.75,1.780615513699854,1
0.1,8.75,1.8574018349444263,1
0.1,8.75,1.980001393488935,1
0.1,8.75,1.7548862048708669,1
0.1,8.75,1.8223182383488798,1
0.1,8.75,1.9523927346078995,1
0.1,8.75,1.8241678263527517,1
0.1,8.75,1.8412879878019297,1
0.1,8.75,1.8813294697727903,1
0.1,8.75,1.8745004621208583,1
0.1,8.75,1.8668088523764288,1
0.1,10.625,1.9646999202348763,1
0.1,10.625,1.874076432097469,1
0.1,10.625,2.1060889563916745,1
0.1,10.625,1.8813281296719497,1
0.1,10.625,1.9157257134225365,1
0.1,10.625,1.7115922916221238,1
0.1,10.625,1.8096188603796226,1
0.1,10.625,1.7778055133101518,1
0.1,10.625,1.881422667277429,1
0.1,10.625,1.9462103169141602,1
0.1,10.625,1.9400671384047021,1
0.1,10.625,2.0034375711475017,1
0.1,10.625,1.9949339418965033,1
0.1,10.625,1.8785249877684158,1
0.1,10.625,2.005317916879836,1
0.1,10.625,1.8807928602369184,1
0.1,10.625,1.9018364140836215,1
0.1,10.625,1.8058995638976327,1
0.1,10.625,1.747331929532428,1
0.1,10.625,1.9287389770765753,1
0.1,10.625,1.8901100506147435,1
0.1,10.625,1.802407850607622,1
0.1,10.625,1.9295748820702776,1
0.1,10.625,1.9111922496528075,1
0.1,10.625,1.958099594828373,1
0.1,10.625,1.967274959973701,1
0.1,10.625,1.822434830449032,1
0.1,10.625,1.8172401936057705,1
0.1,10.625,1.865413301551131,1
0.1,10.625,1.9668214931205026,1
0.1,12.5,1.8526592924928547,1
0.1,12.5,1.8122728532376498,1
0.1,12.5,1.8668817434135054,1
0.1,12.5,1.9180603839158374,1
0.1,12.5,1.9314046297979177,1
0.1,12.5,1.9312011255691055,1
0.1,12.5,1.8674105299034849,1
0.1,12.5,1.9807614498914838,1
0.1,12.5,1.9364044420965925,1
0.1,12.5,1.8990102053584537,1
0.1,12.5,1.9975826322085386,1
0.1,12.5,2.0440338193628778,1
0.1,12.5,1.9031967528616236,1
0.1,12.5,1.9488119318496895,1
0.1,12.5,1.8713893414368707,1
0.1,12.5,1.9360905192004516,1
0.1,12.5,2.0411628327806093,1
0.1,12.5,2.0076768274679377,1
0.1,12.5,1.9517331888777372,1
0.1,12.5,1.9799141888056218,1
0.1,12.5,1.8834405305064048,1
0.1,12.5,1.9014182378000322,1
0.1,12.5,1.9199332228812094,1
0.1,12.5,2.089110369721753,1
0.1,12.5,1.8480299453560283,1
0.1,12.5,2.010255096831953,1
0.1,12.5,1.788064446866768,1
0.1,12.5,1.793609198263197,1
0.1,12.5,1.8101870320912745,1
0.1,12.5,1.821185223608726,1
0.1,14.375,1.9223896204958897,1
0.1,14.375,1.862892323071871,1
0.1,14.375,1.808199000645525,1
0.1,14.375,1.9342866455317853,1
0.1,14.375,1.9077269241938424,1
0.1,14.375,1.8307035850251565,1
0.1,14.375,1.9315112205360614,1
0.1,14.375,1.902246331620641,1
0.1,14.375,1.8936220106376882,1
0.1,14.375,2.091374342076305,1
0.1,14.375,2.0213627732763735,1
0.1,14.375,2.0399104247890656,1
0.1,14.375,1.8413855016626401,1
0.1,14.375,1.8731656189171126,1
0.1,14.375,1.8904093431517037,1
0.1,14.375,1.8056897573073394,1
0.1,14.375,1.8976085010316273,1
0.1,14.375,1.8590717751943058,1
0.1,14.375,1.852162022923905,1
0.1,14.375,1.881601310897606,1
0.1,14.375,1.978019049963709,1
0.1,14.375,1.920054409428476,1
0.1,14.375,1.9422564435166974,1
0.1,14.375,1.8697797248742278,1
0.1,14.375,1.8747341518784995,1
0.1,14.375,1.8559961346085796,1
0.1,14.375,1.8062032472839336,1
0.1,14.375,2.0322939513247897,1
0.1,14.375,1.9912127794702221,1
0.1,14.375,1.9455668343622952,1
0.1,16.25,1.9712182406128678,1
0.1,16.25,1.996739993017434,1
0.1,16.25,1.9001159638135035,1
0.1,16.25,1.955539942653305,1
0.1,16.25,2.055915436593148,1
0.1,16.25,1.9180943547977423,1
0.1,16.25,1.9832138400096144,1
0.1,16.25,1.848739041758995,1
0.1,16.25,1.9184574365952407,1
0.1,16.25,1.880744550989046,1
0.1,16.25,1.8738010017782478,1
0.1,16.25,1.828577803093747,1
0.1,16.25,1.99469770304806,1
0.1,16.25,1.7973169985643453,1
0.1,16.25,1.8877101391382993,1
0.1,16.25,2.0298003559426174,1
0.1,16.25,1.982731730820408,1
0.1,16.25,1.9524187417591594,1
0.1,16.25,1.986673183026342,1
0.1,16.25,2.0293818041281204,1
0.1,16.25,1.9179494222204017,1
0.1,16.25,1.9843029749108463,1
0.1,16.25,1.8642938020314745,1
0.1,16.25,1.88494955685873,1
0.1,16.25,1.9972169924298124,1
0.1,16.25,1.9659445126115185,1
0.1,16.25,1.972008548073749,1
0.1,16.25,2.0258301249315345,1
0.1,16.25,1.985654324925415,1
0.1,16.25,1.9758761222398706,1
0.1,18.125,1.951373802111189,1
0.1,18.125,1.9737441571006835,1
0.1,18.125,1.8675697147536081,1
0.1,18.125,1.949626385203365,1
0.1,18.125,1.97352996334001,1
0.1,18.125,1.907690306010921,1
0.1,18.125,1.9392130600725457,1
0.1,18.125,1.9254790528065489,1
0.1,18.125,1.8710047520209803,1
0.1,18.125,1.9525946810976698,1
0.1,18.125,1.9726392404155715,1
0.1,18.125,1.8883552660619967,1
0.1,18.125,1.894288575414113,1
0.1,18.125,1.9381117700306814,1
0.1,18.125,1.959491089097911,1
0.1,18.125,1.8907260386847546,1
0.1,18.125,1.9316896590157244,1
0.1,18.125,1.9135311025319734,1
0.1,18.125,2.0041540043665322,1
0.1,18.125,1.9449409642991264,1
0.1,18.125,1.9365845624841862,1
0.1,18.125,1.993756605052974,1
0.1,18.125,1.983270335140337,1
0.1,18.125,2.033625023490155,1
0.1,18.125,2.0226911440336988,1
0.1,18.125,1.844695249671265,1
0.1,18.125,1.861748133187339,1
0.1,18.125,1.8835798836493716,1
0.1,18.125,2.000673362999354,1
0.1,18.125,1.9155347526263464,1
0.1,20.0,1.8833410968255617,1
0.1,20.0,1.926517972300484,1
0.1,20.0,1.9026218292496893,1
0.1,20.0,1.9291972436810383,1
0.1,20.0,1.8989548298386913,1
0.1,20.0,1.9062163781580606,1
0.1,20.0,1.9457732671631356,1
0.1,20.0,1.9726170837805979,1
0.1,20.0,1.9657177778248316,1
0.1,20.0,2.0050028304711085,1
0.1,20.0,1.894673921196594,1
0.1,20.0,2.0080111472178497,1
0.1,20.0,1.9087424457632418,1
0.1,20.0,2.0069702828405394,1
0.1,20.0,1.9231556469227187,1
0.1,20.0,1.911786393982117,1
0.1,20.0,1.9030387325805052,1
0.1,20.0,1.9020862296896175,1
0.1,20.0,1.9196259358448355,1
0.1,20.0,1.965544851079092,1
0.1,20.0,1.968179984898737,1
0.1,20.0,1.9029820524180023,1
0.1,20.0,1.8673015191334383,1
0.1,20.0,1.9044168127290602,1
0.1,20.0,1.901317776175351,1
0.1,20.0,1.9438051426532261,1
0.1,20.0,1.901163010546417,1
0.1,20.0,1.8910989766535096,1
0.1,20.0,1.9620461075010247,1
0.1,20.0,1.9384601248892226,1
0.5,5.0,0.8650415187176315,0
0.5,5.0,0.9297899880806867,0
0.5,5.0,0.14542907650490572,0
0.5,5.0,0.5351175145348593,0
0.5,5.0,0.14852269653139588,0
0.5,5.0,0.5082293973159739,0
0.5,5.0,0.2035714940074676,0
0.5,5.0,0.36815601328495406,0
0.5,5.0,0.43965383833534144,0
0.5,5.0,1.0250428589509297,0
0.5,5.0,1.0875856191182407,0
0.5,5.0,0.27474855602917664,0
0.5,5.0,0.5139928697301057,0
0.5,5.0,0.19207467716589247,0
0.5,5.0,0.6531792454837806,0
0.5,5.0,0.9966637650275493,0
0.5,5.0,0.3624298669023486,0
0.5,5.0,0.8629390620192102,0
0.5,5.0,1.0269436186545902,1
0.5,5.0,1.0212561419965516,1
0.5,5.0,0.4126629781754067,0
0.5,5.0,0.4898346787716664,0
0.5,5.0,0.6828435576706302,0
0.5,5.0,0.16820827523809204,0
0.5,5.0,0.7915192037913086,0
0.5,5.0,0.8095188604481101,0
0.5,5.0,0.1312033491404137,0
0.5,5.0,0.8121179397469697,0
0.5,5.0,0.5290271221573938,0
0.5,5.0,0.7850258135068174,1
0.5,6.875,0.9778660156256748,0
0.5,6.875,0.9164045465059658,0
0.5,6.875,0.08435719422387682,0
0.5,6.875,1.0230654975243012,1
0.5,6.875,0.9711251715634243,1
0.5,6.875,0.3719197072726835,0
0.5,6.875,0.5000060401538192,0
0.5,6.875,0.8642430689379011,0
0.5,6.875,0.5892291018871837,0
0.5,6.875,0.9546003809700625,0
0.5,6.875,0.6035008959897108,0
0.5,6.875,0.6142852819681845,0
0.5,6.875,0.46502902729203766,0
0.5,6.875,0.6995471401753747,0
0.5,6.875,0.33925907792048565,0
0.5,6.875,1.5067300007296873,1
0.5,6.875,1.242910069789225,1
0.5,6.875,0.7172759227407626,0
0.5,6.875,1.0311964595171064,1
0.5,6.875,1.1203565341201431,0
0.5,6.875,0.15552076741297063,0
0.5,6.875,0.9216229356216249,0
0.5,6.875,0.5745162371614154,0
0.5,6.875,0.5424517805945385,0
0.5,6.875,0.9968272727568309,0
0.5,6.875,1.3324515917591833,1
0.5,6.875,0.665996521184344,0
0.5,6.875,0.4294369971925576,0
0.5,6.875,0.34447713188609835,0
0.5,6.875,0.3590729678664367,0
0.5,8.75,0.8183386763014914,0
0.5,8.75,0.6787370722707181,0
0.5,8.75,1.0766429380450682,1
0.5,8.75,0.7041241036323418,0
0.5,8.75,0.6849546670454484,0
0.5,8.75,0.68114900225917,0
0.5,8.75,0.659158351969228,0
0.5,8.75,0.5651703940736879,0
0.5,8.75,0.10660693330829181,0
0.5,8.75,0.9618970434471596,0
0.5,8.75,1.1362243021604173,0
0.5,8.75,0.2799477235504003,0
0.5,8.75,0.6994476109543164,0
0.5,8.75,0.7157273949146716,0
0.5,8.75,0.19338938722954177,0
0.5,8.75,0.602717489038914,0
0.5,8.75,1.186211150527295,1
0.5,8.75,0.8181616707835294,0
0.5,8.75,0.5042622890854251,0
0.5,8.75,0.6957199120536143,0
0.5,8.75,1.160157680893373,0
0.5,8.75,1.7640940838392594,0
0.5,8.75,0.7977843902641769,0
0.5,8.75,1.371995572437653,1
0.5,8.75,0.7175302963030958,0
0.5,8.75,0.42143208300596535,0
0.5,8.75,1.0919131265260007,1
0.5,8.75,0.7854828704351191,1
0.5,8.75,0.2988748359249864,0
0.5,8.75,0.5354643540000051,0
0.5,10.625,0.5745994542312854,0
0.5,10.625,0.4325852265587541,0
0.5,10.625,0.25714577747331574,0
0.5,10.625,1.8388618673217036,1
0.5,10.625,0.9945263483190331,0
0.5,10.625,1.1585465696427444,1
0.5,10.625,0.22576548771071495,0
0.5,10.625,0.041207276719238496,0
0.5,10.625,0.27683866710896865,0
0.5,10.625,1.2897921777979582,0
0.5,10.625,0.7981816407479689,0
0.5,10.625,0.5494179029162984,0
0.5,10.625,0.8883242728658917,0
0.5,10.625,1.3190501819807119,1
0.5,10.625,0.6141826420441504,0
0.5,10.625,0.7097040925929656,0
0.5,10.625,1.4558810693267763,1
0.5,10.625,0.7222019421135726,1
0.5,10.625,0.09026425781944797,0
0.5,10.625,0.2565102118586149,0
0.5,10.625,0.3724965316335113,0
0.5,10.625,0.5642155299995728,0
0.5,10.625,0.6722511640539124,0
0.5,10.625,0.3320452924248368,0
0.5,10.625,0.743947017080759,0
0.5,10.625,0.7857839938487798,0
0.5,10.625,0.8936330946790804,1
0.5,10.625,0.432138398453554,0
0.5,10.625,0.5243093897584206,0
0.5,10.625,0.12751446425764318,0
0.5,12.5,0.9191304767166184,0
0.5,12.5,1.0858819353500615,0
0.5,12.5,0.41499013866772977,0
0.5,12.5,1.3178820023296618,0
0.5,12.5,0.9874224210737003,0
0.5,12.5,0.6765007480172224,0
0.5,12.5,0.08902038719915938,0
0.5,12.5,0.33488342575020125,0
0.5,12.5,0.3993811796148463,0
0.5,12.5,0.24071187109310185,0
0.5,12.5,0.713333039417383,0
0.5,12.5,0.8524684567915011,1
0.5,12.5,1.5076189696220998,1
0.5,12.5,0.7808101501865815,0
0.5,12.5,1.3108434139630891,1
0.5,12.5,1.1174335750093913,0
0.5,12.5,0.9740620382155617,0
0.5,12.5,0.47030089006358755,0
0.5,12.5,0.6688047453242291,0
0.5,12.5,0.9317962678192909,0
0.5,12.5,0.6684737551698839,0
0.5,12.5,1.454167285375809,1
0.5,12.5,0.9834042004727663,1
0.5,12.5,1.6945810994123054,1
0.5,12.5,1.0340429480567197,0
0.5,12.5,0.7647596229858958,0
0.5,12.5,1.052228735053637,1
0.5,12.5,0.5253678295647795,0
0.5,12.5,0.7751130280685634,0
0.5,12.5,0.8823961515063528,1
0.5,14.375,1.4227895255712415,1
0.5,14.375,1.0058811394020075,0
0.5,14.375,0.43871357653417953,0
0.5,14.375,1.613471131969733,1
0.5,14.375,1.184299060477834,1
0.5,14.375,0.936481306327941,1
0.5,14.375,1.4463444551339566,1
0.5,14.375,1.3889793504145767,1
0.5,14.375,1.0623816313729935,1
0.5,14.375,1.5456522666703165,0
0.5,14.375,1.0265969495172007,1
0.5,14.375,1.17898841826324,0
0.5,14.375,1.340371446209203,1
0.5,14.375,1.6641507938628994,1
0.5,14.375,1.2400062687045172,1
0.5,14.375,1.4560573376028028,1
0.5,14.375,1.1076086392011217,0
0.5,14.375,0.890483987948405,1
0.5,14.375,1.5156253833875266,0
0.5,14.375,0.8972093844376825,0
0.5,14.375,0.577816091139364,0
0.5,14.375,0.9719227359752702,1
0.5,14.375,0.552063448985225,0
0.5,14.375,0.450403114104999,0
0.5,14.375,0.442738940611089,0
0.5,14.375,1.1072379102548715,1
0.5,14.375,1.3696618402159138,0
0.5,14.375,0.8879302771215896,1
0.5,14.375,0.9455006534883181,1
0.5,14.375,0.8655657298791083,1
0.5,16.25,0.5431114587732302,0
0.5,16.25,0.5246462197206776,0
0.5,16.25,0.355177337895646,0
0.5,16.25,0.47600191652036905,0
0.5,16.25,0.1759526578191796,0
0.5,16.25,0.33930040991505195,0
0.5,16.25,0.6173607363399797,0
0.5,16.25,1.13777103269607,1
0.5,16.25,0.5613488087052448,0
0.5,16.25,1.1475677316025863,1
0.5,16.25,1.217274821016409,1
0.5,16.25,0.24490620731984392,0
0.5,16.25,0.32994954912056174,0
0.5,16.25,1.2355338304997279,1
0.5,16.25,0.9351853265881965,1
0.5,16.25,1.2743851618301907,1
0.5,16.25,1.1336733179708796,0
0.5,16.25,0.259103001908914,0
0.5,16.25,0.5176081127818016,0
0.5,16.25,0.2284556715350067,0
0.5,16.25,0.5127335653107903,0
0.5,16.25,0.9029498470688566,0
0.5,16.25,1.1289564456461876,0
0.5,16.25,0.2684566051039403,0
0.5,16.25,1.269577322565618,0
0.5,16.25,0.9564643154118002,0
0.5,16.25,0.32595275105444127,0
0.5,16.25,0.22750497806301512,0
0.5,16.25,0.25844217799521096,0
0.5,16.25,0.49367556430512666,0
0.5,18.125,1.4502583483846732,1
0.5,18.125,1.0419861959490309,0
0.5,18.125,0.4053326254832398,0
0.5,18.125,0.828445422357769,0
0.5,18.125,1.0983036297284872,0
0.5,18.125,0.3914906624310404,0
0.5,18.125,0.513631712631705,0
0.5,18.125,0.2975421993288338,0
0.5,18.125,0.7816340717089013,1
0.5,18.125,0.9220512754736646,1
0.5,18.125,0.8761293238674104,1
0.5,18.125,0.7299773865752474,0
0.5,18.125,0.2328602229714544,0
0.5,18.125,1.3623448966357359,1
0.5,18.125,1.0635614080259266,1
0.5,18.125,0.5332423308967082,0
0.5,18.125,0.8190995118035082,1
0.5,18.125,0.44283032511306886,0
0.5,18.125,0.7761609797894731,0
0.5,18.125,1.4533602798355703,1
0.5,18.125,1.163009554183908,1
0.5,18.125,1.4630274463720914,1
0.5,18.125,1.4187984512554037,1
0.5,18.125,1.1407789665764203,1
0.5,18.125,0.9546291956809688,0
0.5,18.125,0.39237876662389587,0
0.5,18.125,0.5700672061002585,0
0.5,18.125,0.889575832766973,1
0.5,18.125,0.5526755613841776,0
0.5,18.125,0.6268756492227422,0
0.5,20.0,0.6017026709775444,0
0.5,20.0,0.7179053817791183,0
0.5,20.0,1.029701663203046,1
0.5,20.0,0.615457260119021,0
0.5,20.0,0.3919576250516075,0
0.5,20.0,0.8651953085362829,1
0.5,20.0,1.094058349615783,0
0.5,20.0,0.9519273697625041,0
0.5,20.0,0.5047866891927592,0
0.5,20.0,2.254006110464939,1
0.5,20.0,1.0732931976826394,0
0.5,20.0,1.399181780834449,1
0.5,20.0,0.07417379619859145,0
0.5,20.0,0.36139907771727703,0
0.5,20.0,0.3671349158409168,0
0.5,20.0,0.7184987821136721,0
0.5,20.0,0.5224438288362382,0
0.5,20.0,0.5192096207971254,0
0.5,20.0,0.8742120257149667,0
0.5,20.0,0.8083467992850448,0
0.5,20.0,1.1338190242512947,1
0.5,20.0,1.2137616661549437,1
0.5,20.0,1.1262739571571074,0
0.5,20.0,0.7219373935730797,1
0.5,20.0,0.8623890110681441,0
0.5,20.0,0.26704682556757675,0
0.5,20.0,0.6786017561584212,0
0.5,20.0,1.167835374341139,1
0.5,20.0,1.310180062842788,1
0.5,20.0,0.27392304227801006,0
0.75,5.0,0.6355654246263889,0
0.75,5.0,0.5121367837897338,0
0.75,5.0,0.16258273652300595,0
0.75,5.0,0.7581933064955784,0
0.75,5.0,1.0307573231115668,0
0.75,5.0,0.3924403788792114,0
0.75,5.0,0.6491933524390243,0
0.75,5.0,0.3672828571921615,0
0.75,5.0,0.4209997974375173,0
0.75,5.0,0.725972077171585,0
0.75,5.0,0.5825714462835115,0
0.75,5.0,0.5463105388668974,0
0.75,5.0,0.5314353423624419,0
0.75,5.0,0.04104434464590284,0
0.75,5.0,0.4414445241042495,0
0.75,5.0,0.7149216331925236,0
0.75,5.0,0.3399607088532351,0
0.75,5.0,0.4089476775094066,0
0.75,5.0,0.965724580732084,0
0.75,5.0,0.5309454230954045,0
0.75,5.0,0.4961462740444086,0
0.75,5.0,0.8736382933975346,0
0.75,5.0,1.0279583120438882,0
0.75,5.0,0.5332976420236497,0
0.75,5.0,0.6400678048678995,0
0.75,5.0,0.5964224001374175,0
0.75,5.0,0.5220303938597227,0
0.75,5.0,1.1686070551311984,1
0.75,5.0,0.9155593329449833,0
0.75,5.0,0.32911123218242155,0
0.75,6.875,0.5015181056597913,0
0.75,6.875,0.765306663851369,0
0.75,6.875,0.5369193331495536,0
0.75,6.875,0.7671672080101191,0
0.75,6.875,0.5015197797122027,0
0.75,6.875,0.6738701007268131,0
0.75,6.875,0.34708030056910644,0
0.75,6.875,1.0130649617022593,0
0.75,6.875,0.5254374469681046,0
0.75,6.875,0.6070220357677646,0
0.75,6.875,0.680351661440332,0
0.75,6.875,0.15300321414451248,0
0.75,6.875,0.8948597374869561,0
0.75,6.875,0.9998913020313203,0
0.75,6.875,0.5297782631126552,0
0.75,6.875,0.8448500951921418,0
0.75,6.875,1.0764312595087524,0
0.75,6.875,0.2806220724947977,0
0.75,6.875,1.2860126046438294,0
0.75,6.875,0.9686666808574642,0
0.75,6.875,0.7749133372550482,1
0.75,6.875,0.4334513431651786,0
0.75,6.875,0.5424071938759322,0
0.75,6.875,0.13198738252353195,0
0.75,6.875,0.5408906121313535,0
0.75,6.875,0.5242547153848668,0
0.75,6.875,0.6432291196497754,0
0.75,6.875,1.331673675212151,0
0.75,6.875,0.9448295965761728,0
0.75,6.875,0.4727785297837795,0
0.75,8.75,0.5330769761888676,0
0.75,8.75,1.1824245069351291,0
0.75,8.75,0.8783773244407451,0
0.75,8.75,0.1318943524119819,0
0.75,8.75,0.913295658137022,1
0.75,8.75,0.8121947699433811,0
0.75,8.75,0.6651994914141803,0
0.75,8.75,0.25297574360859754,0
0.75,8.75,0.6447385596111493,0
0.75,8.75,1.0228738364771792,0
0.75,8.75,0.41102059870389235,0
0.75,8.75,0.6903752698482438,0
0.75,8.75,1.1152364475244967,1
0.75,8.75,0.6386198957514813,0
0.75,8.75,0.7386044705397402,0
0.75,8.75,0.33505262312728346,0
0.75,8.75,0.5858130314946051,0
0.75,8.75,0.38382943088657795,0
0.75,8.75,1.0682580172340612,0
0.75,8.75,1.0043858175487121,0
0.75,8.75,0.2556613028151131,0
0.75,8.75,1.0123380021180612,0
0.75,8.75,1.1430789105006323,0
0.75,8.75,0.5005329672767442,0
0.75,8.75,0.7721654137719234,0
0.75,8.75,1.6501243411330722,0
0.75,8.75,0.6859990295651573,0
0.75,8.75,1.149510118881923,0
0.75,8.75,0.8472752771361649,0
0.75,8.75,0.581452631373952,0
0.75,10.625,1.207443634394708,0
0.75,10.625,0.5295493691037053,0
0.75,10.625,0.6883444782758278,0
0.75,10.625,0.9606759158852127,0
0.75,10.625,0.49096639811627274,0
0.75,10.625,0.4890636609064939,0
0.75,10.625,1.1599655057426166,1
0.75,10.625,0.3157380035991741,0
0.75,10.625,0.9172114147965205,1
0.75,10.625,0.6802665382785077,0
0.75,10.625,0.8775476749638491,0
0.75,10.625,0.6092003177639929,0
0.75,10.625,1.3341744754146136,1
0.75,10.625,1.5004527889039194,1
0.75,10.625,0.8794596605716205,1
0.75,10.625,0.9066945367917946,0
0.75,10.625,1.1199616834514132,0
0.75,10.625,0.6227574573162765,0
0.75,10.625,1.084422010523175,0
0.75,10.625,0.8963187773855325,0
0.75,10.625,0.1469654510094853,0
0.75,10.625,0.37684054909989756,0
0.75,10.625,0.39234497851535255,0
0.75,10.625,0.6692512667041213,0
0.75,10.625,1.0434396880786427,0
0.75,10.625,0.8748474472623952,0
0.75,10.625,0.29514222321071953,0
0.75,10.625,1.347303082420271,1
0.75,10.625,1.2179721293302876,1
0.75,10.625,0.36499657789694145,0
0.75,12.5,1.084796114220997,0
0.75,12.5,1.0798085693921236,0
0.75,12.5,0.5019907275184969,0
0.75,12.5,1.0712412047912925,0
0.75,12.5,0.6990631431852804,0
0.75,12.5,0.6527203562314607,0
0.75,12.5,0.36617791384551435,0
0.75,12.5,0.7298270876049836,0
0.75,12.5,0.5736468740953494,0
0.75,12.5,0.9092110468200835,0
0.75,12.5,0.9832767486982622,0
0.75,12.5,0.22046903517285835,0
0.75,12.5,1.669242913881024,0
0.75,12.5,0.9950040314111557,0
0.75,12.5,0.9916278360829492,1
0.75,12.5,0.18503821699462367,0
0.75,12.5,0.04374822341406475,0
0.75,12.5,0.236790310517714,0
0.75,12.5,1.0063928949749827,0
0.75,12.5,1.577550531592018,1
0.75,12.5,0.7128250834650416,0
0.75,12.5,0.5958011096750079,0
0.75,12.5,0.6678487349047565,0
0.75,12.5,0.63189121301313,0
0.75,12.5,0.7581169402405812,0
0.75,12.5,0.40296268459034257,0
0.75,12.5,0.5163692422456498,0
0.75,12.5,0.9658698659100257,0
0.75,12.5,1.124763419781457,1
0.75,12.5,1.0632404205355168,1
0.75,14.375,1.3858372338662666,1
0.75,14.375,0.5005957820380337,0
0.75,14.375,1.0078592159185784,0
0.75,14.375,0.3522282171851713,0
0.75,14.375,0.6928625043032743,0
0.75,14.375,0.5204908772354389,0
0.75,14.375,0.6795910746190067,0
0.75,14.375,0.589156158969175,0
0.75,14.375,0.6608598635381394,0
0.75,14.375,0.46717953322705275,0
0.75,14.375,0.6791160984148303,0
0.75,14.375,0.2540976492749798,0
0.75,14.375,0.7885604941650984,0
0.75,14.375,0.5248151621549648,0
0.75,14.375,0.6136680528772865,0
0.75,14.375,0.95335382713332,0
0.75,14.375,0.48573480687696585,0
0.75,14.375,0.631826904296966,0
0.75,14.375,0.3755822717843224,0
0.75,14.375,0.6782213466538336,0
0.75,14.375,0.3532927678106121,0
0.75,14.375,0.7475893338518924,0
0.75,14.375,0.24208924256193723,0
0.75,14.375,0.9167205173721895,0
0.75,14.375,0.7617168648467091,0
0.75,14.375,0.42694815261954705,0
0.75,14.375,0.5013748986842141,0
0.75,14.375,1.155066629502907,0
0.75,14.375,0.7331760495530286,0
0.75,14.375,0.5723046287728288,0
0.75,16.25,0.7315640189677284,0
0.75,16.25,0.47794776146609524,0
0.75,16.25,0.5578507215651516,0
0.75,16.25,1.11405861296949,0
0.75,16.25,1.0638306484388762,0
0.75,16.25,0.03392698051506999,0
0.75,16.25,0.83929896801023,0
0.75,16.25,0.5410441600500305,0
0.75,16.25,0.544471270996581,0
0.75,16.25,0.9667678163978237,0
0.75,16.25,0.5418039120101598,0
0.75,16.25,0.693362792606739,1
0.75,16.25,0.18962590596857784,0
0.75,16.25,0.9634745213176734,1
0.75,16.25,0.9582540877854882,0
0.75,16.25,0.6877916117495468,0
0.75,16.25,1.2972564869404712,0
0.75,16.25,0.7201904232709756,1
0.75,16.25,0.7353538243215954,0
0.75,16.25,1.1870896775463835,1
0.75,16.25,0.4534075385489359,0
0.75,16.25,1.0450583001849194,0
0.75,16.25,0.9066780500242964,0
0.75,16.25,0.38433553693654565,0
0.75,16.25,1.12632825097026,1
0.75,16.25,0.7467646087513083,0
0.75,16.25,0.8394393392519519,1
0.75,16.25,0.37332647814405284,0
0.75,16.25,0.8779672111376393,0
0.75,16.25,1.034985322514793,0
0.75,18.125,0.8676391780416746,0
0.75,18.125,1.4141086545134351,0
0.75,18.125,0.6065373383967019,0
0.75,18.125,1.1025239652671843,0
0.75,18.125,0.9002576642257905,0
0.75,18.125,0.3323678482951159,0
0.75,18.125,0.19961548109979252,0
0.75,18.125,0.6855181671366376,0
0.75,18.125,0.5385222937780484,0
0.75,18.125,0.5714617474761629,0
0.75,18.125,0.39025682824338276,0
0.75,18.125,0.19664667857365392,0
0.75,18.125,0.7327278454214026,0
0.75,18.125,0.5185502151940261,0
0.75,18.125,0.3283380134727157,0
0.75,18.125,0.7438285463899935,0
0.75,18.125,0.30662671374081396,0
0.75,18.125,0.6003546064200332,0
0.75,18.125,1.0261359106333845,1
0.75,18.125,0.6881526874848146,0
0.75,18.125,0.8412125707586534,0
0.75,18.125,0.36558093880633064,0
0.75,18.125,0.7242703130689159,0
0.75,18.125,0.3669013215005768,0
0.75,18.125,0.6668841464487587,0
0.75,18.125,0.625674665635294,0
0.75,18.125,0.3572131236352801,0
0.75,18.125,1.1371800750543617,0
0.75,18.125,0.9572051031701014,0
0.75,18.125,0.2710995733450124,0
0.75,20.0,2.119119199940206,1
0.75,20.0,1.1095776390711376,0
0.75,20.0,1.419873652922805,1
0.75,20.0,0.9188780307964642,0
0.75,20.0,1.2263259421753896,0
0.75,20.0,0.6537206234858801,1
0.75,20.0,0.8478640218835883,0
0.75,20.0,0.8375641029327482,0
0.75,20.0,1.0106214549265913,1
0.75,20.0,0.7015329700196766,0
0.75,20.0,0.26619298998398505,0
0.75,20.0,0.6028220087254741,0
0.75,20.0,1.1561692687785992,0
0.75,20.0,0.2518481138466628,0
0.75,20.0,1.1249368783132487,0
0.75,20.0,0.38793326057445016,0
0.75,20.0,0.5461848047140666,0
0.75,20.0,0.3007997416455237,0
0.75,20.0,0.7737654197011746,0
0.75,20.0,0.28715411818385816,0
0.75,20.0,0.5342196873651565,0
0.75,20.0,0.9527066601127673,0
0.75,20.0,1.1499691819096725,0
0.75,20.0,0.6885781474936796,0
0.75,20.0,1.2653169336931824,1
0.75,20.0,1.6648087649066943,1
0.75,20.0,0.9668479591251522,1
0.75,20.0,1.0524221441071722,0
0.75,20.0,1.046007279640755,0
0.75,20.0,0.25624659295286695,0
1.0,5.0,0.8040453873406493,0
1.0,5.0,0.9440443377297318,0
1.0,5.0,0.05190613406629767,0
1.0,5.0,0.6034106127410946,0
1.0,5.0,0.48168570121349813,0
1.0,5.0,0.6421675356717639,0
1.0,5.0,0.35857068448514223,0
1.0,5.0,0.7403935754525055,0
1.0,5.0,0.508639602726706,0
1.0,5.0,0.45568799559033785,0
1.0,5.0,0.9460036799225209,1
1.0,5.0,0.5774963100141715,0
1.0,5.0,0.6206544575806896,0
1.0,5.0,0.498071421193816,0
1.0,5.0,0.17973916696255976,0
1.0,5.0,0.12936083242836327,0
1.0,5.0,0.09660084727853278,0
1.0,5.0,0.23691080952086435,0
1.0,5.0,0.6134902659486836,0
1.0,5.0,0.450806940428041,0
1.0,5.0,0.1843769857532699,0
1.0,5.0,1.2324100498196762,1
1.0,5.0,0.6217320442877633,0
1.0,5.0,1.0534716243092392,0
1.0,5.0,0.6162242331093287,0
1.0,5.0,0.44755016389843166,0
1.0,5.0,0.7192814415685884,0
1.0,5.0,0.8815908968074022,0
1.0,5.0,1.027396086781664,1
1.0,5.0,0.6212713557222613,0
1.0,6.875,1.3826386651997815,0
1.0,6.875,0.9428216494710117,0
1.0,6.875,0.5205495283124737,0
1.0,6.875,0.7108511761998434,0
1.0,6.875,0.7268164891860764,0
1.0,6.875,0.30630589160148114,0
1.0,6.875,2.0834743964286297,1
1.0,6.875,0.9350455854314317,0
1.0,6.875,1.0509892243223187,0
1.0,6.875,0.472404211887167,0
1.0,6.875,1.4010505564758478,1
1.0,6.875,1.0036005953553748,0
1.0,6.875,0.5076373319873898,0
1.0,6.875,0.14675217109250077,0
1.0,6.875,0.4152885265105832,0
1.0,6.875,1.0523780794946536,0
1.0,6.875,1.0408066813561287,0
1.0,6.875,0.8055057609660882,0
1.0,6.875,0.4072124058875333,0
1.0,6.875,0.6081348733386702,0
1.0,6.875,0.3108593729986903,0
1.0,6.875,0.7256885511543503,0
1.0,6.875,0.8031390664367866,0
1.0,6.875,0.6247542620507678,0
1.0,6.875,0.9911380558618975,0
1.0,6.875,0.1545474885392566,0
1.0,6.875,1.083717142508755,0
1.0,6.875,0.6712741678777371,0
1.0,6.875,0.7735437267607874,0
1.0,6.875,0.03203681058196295,0
1.0,8.75,0.46767715432650375,0
1.0,8.75,0.13934492554178554,0
1.0,8.75,0.4821921544388175,0
1.0,8.75,0.8635780673791912,0
1.0,8.75,0.9520904211230599,0
1.0,8.75,0.49602604951673185,0
1.0,8.75,1.034505926076742,0
1.0,8.75,0.8378668503883837,0
1.0,8.75,0.22786309095398116,0
1.0,8.75,0.5603345079861838,0
1.0,8.75,1.054656498326151,0
1.0,8.75,0.8980374940511524,0
1.0,8.75,0.38637998518351024,0
1.0,8.75,0.5856202900237316,0
1.0,8.75,0.7181968290235797,0
1.0,8.75,1.1239148127046934,0
1.0,8.75,0.859664969146871,0
1.0,8.75,0.24134553871964226,0
1.0,8.75,0.9954668009077194,0
1.0,8.75,0.863583210712679,0
1.0,8.75,0.18013718757788771,0
1.0,8.75,0.4269831639879355,0
1.0,8.75,0.2861130031317744,0
1.0,8.75,0.3443802903024804,0
1.0,8.75,1.0036621371109071,0
1.0,8.75,0.9958601699168527,0
1.0,8.75,0.15289600067487397,0
1.0,8.75,0.5444804371471953,0
1.0,8.75,0.4458532103045475,0
1.0,8.75,0.2632923024731192,0
1.0,10.625,0.6245873810732864,0
1.0,10.625,0.6527597979982954,0
1.0,10.625,0.9883169938677869,1
1.0,10.625,0.7341938136915777,0
1.0,10.625,0.754944983957677,0
1.0,10.625,0.2602154411589851,0
1.0,10.625,1.0378020784820066,0
1.0,10.625,0.9711065888612772,0
1.0,10.625,0.3808500347615901,0
1.0,10.625,0.6404906262141968,0
1.0,10.625,0.6660497646548929,0
1.0,10.625,0.8568039051832959,1
1.0,10.625,0.4225944687745432,0
1.0,10.625,0.4065512979294444,0
1.0,10.625,0.7729938080858045,0
1.0,10.625,1.1904774938077498,1
1.0,10.625,0.5166324283230673,0
1.0,10.625,0.8615789757198982,0
1.0,10.625,0.1719262337367529,0
1.0,10.625,0.7900661233627017,0
1.0,10.625,0.6640676857669193,0
1.0,10.625,0.12861514319070547,0
1.0,10.625,0.22755338010789952,0
1.0,10.625,0.22493755696036685,0
1.0,10.625,0.6932535331750858,0
1.0,10.625,0.6876676003407759,0
1.0,10.625,0.3120202856012004,0
1.0,10.625,0.4779075937037666,0
1.0,10.625,0.3572347120798978,0
1.0,10.625,0.7862814166429425,0
1.0,12.5,0.18242190256794671,0
1.0,12.5,0.6711933975088901,0
1.0,12.5,0.6891259707408826,0
1.0,12.5,1.0714210664792816,1
1.0,12.5,0.5312709958681465,0
1.0,12.5,0.6503372647487053,0
1.0,12.5,0.6183563817440223,0
1.0,12.5,0.2333319372178628,0
1.0,12.5,0.427204304150343,0
1.0,12.5,0.5940849125212284,0
1.0,12.5,0.8964872864857377,0
1.0,12.5,0.6290305152830342,0
1.0,12.5,0.8353692195493003,0
1.0,12.5,1.224297198325009,0
1.0,12.5,0.4923309266278287,0
1.0,12.5,0.7617755378274661,0
1.0,12.5,0.600878418331216,0
1.0,12.5,0.1896112477781089,0
1.0,12.5,0.5951924646588375,0
1.0,12.5,0.418630676267762,0
1.0,12.5,0.1851023971867881,0
1.0,12.5,0.493682184255488,0
1.0,12.5,0.12414212472881751,0
1.0,12.5,0.38690639289384,0
1.0,12.5,0.2722343456652671,0
1.0,12.5,0.5886428060566091,0
1.0,12.5,0.38533811627115344,0
1.0,12.5,0.4482415571442916,0
1.0,12.5,0.17589844553808953,0
1.0,12.5,0.28011365845627517,0
1.0,14.375,0.8432350368486847,0
1.0,14.375,0.6922695729056585,0
1.0,14.375,0.7604003707152234,1
1.0,14.375,1.3973122862230274,1
1.0,14.375,1.0419578275598067,0
1.0,14.375,0.5340271870831195,0
1.0,14.375,0.42364121630535634,0
1.0,14.375,0.2855243173038812,0
1.0,14.375,0.4068580863615807,0
1.0,14.375,0.5170422062936915,0
1.0,14.375,0.46781423237621167,0
1.0,14.375,0.8397667082696469,0
1.0,14.375,0.32827871538034914,0
1.0,14.375,0.9036734522755063,0
1.0,14.375,0.7789055488390954,1
1.0,14.375,0.4849946267553811,0
1.0,14.375,0.17557220151462047,0
1.0,14.375,0.6466732530763503,0
1.0,14.375,0.0,0
1.0,14.375,0.0,0
1.0,14.375,0.0,0
1.0,14.375,0.6964668404288977,0
1.0,14.375,0.6936356106021072,0
1.0,14.375,0.16036865165964007,0
1.0,14.375,1.3523084521273556,0
1.0,14.375,0.9307876463590409,0
1.0,14.375,0.7247783065845184,0
1.0,14.375,0.8081922143885941,0
1.0,14.375,0.8007831257790349,0
1.0,14.375,0.4970212392448901,0
1.0,16.25,0.9294569051570714,1
1.0,16.25,0.938010016180979,1
1.0,16.25,0.6845980610058221,0
1.0,16.25,0.6245329595529454,0
1.0,16.25,0.16012287100315026,0
1.0,16.25,0.7555044851578127,1
1.0,16.25,1.2799508200265586,1
1.0,16.25,1.3702634567801346,1
1.0,16.25,0.1711051738697817,0
1.0,16.25,0.4829761457347258,0
1.0,16.25,1.167404148682684,0
1.0,16.25,0.8958445224371374,1
1.0,16.25,0.9906625050712214,0
1.0,16.25,1.1499139819263133,0
1.0,16.25,0.1827741563504748,0
1.0,16.25,0.7929934499500648,0
1.0,16.25,0.14155418118217813,0
1.0,16.25,0.6954634726333635,0
1.0,16.25,0.931773385080494,1
1.0,16.25,0.25168409162478567,0
1.0,16.25,1.0428550281139788,1
1.0,16.25,0.9592043195262357,0
1.0,16.25,0.5860581925801562,0
1.0,16.25,1.0950144775764983,0
1.0,16.25,0.6864473335211277,0
1.0,16.25,1.3258394084370515,0
1.0,16.25,0.7615266752790982,1
1.0,16.25,1.1685217242205157,0
1.0,16.25,0.8561297146218609,0
1.0,16.25,0.340021090292199,0
1.0,18.125,1.0579535355200829,0
1.0,18.125,1.0173386300249259,0
1.0,18.125,0.2545067426573658,0
1.0,18.125,0.5498929402387209,0
1.0,18.125,0.5435172867238061,0
1.0,18.125,0.5869076288308812,0
1.0,18.125,1.404293889510135,0
1.0,18.125,0.9817173322911692,0
1.0,18.125,0.4972137759172377,0
1.0,18.125,0.27644158641449074,0
1.0,18.125,0.30453033648014044,0
1.0,18.125,0.5649555457423417,0
1.0,18.125,0.8347148642095201,0
1.0,18.125,0.8186990316566655,0
1.0,18.125,1.0386241552694921,1
1.0,18.125,0.32779725739369264,0
1.0,18.125,0.32663155630554513,0
1.0,18.125,0.4831226780038267,0
1.0,18.125,0.1745448930465022,0
1.0,18.125,0.20225030129809649,0
1.0,18.125,0.28643817177458597,0
1.0,18.125,0.16427004485231203,0
1.0,18.125,0.20457799684035446,0
1.0,18.125,0.2963364903428541,0
1.0,18.125,1.243809551926585,0
1.0,18.125,0.9446185047573339,0
1.0,18.125,0.4168820377418533,0
1.0,18.125,0.9702872838416954,0
1.0,18.125,0.6803839769322485,0
1.0,18.125,1.2010414922025068,1
1.0,20.0,0.6095667641739448,0
1.0,20.0,0.4430581290713933,0
1.0,20.0,0.31525824086598586,0
1.0,20.0,0.1792818770581514,0
1.0,20.0,0.7290353767280392,0
1.0,20.0,0.5971215147711103,0
1.0,20.0,1.1754935810962774,0
1.0,20.0,0.3727464935141685,0
1.0,20.0,0.7987991438710355,0
1.0,20.0,1.2291652166425195,1
1.0,20.0,1.3585935432074348,1
1.0,20.0,0.6451909158188197,0
1.0,20.0,0.2025396647751924,0
1.0,20.0,0.27992455498883323,0
1.0,20.0,0.46493780741728225,0
1.0,20.0,0.19411863857539177,0
1.0,20.0,0.6189042464255389,0
1.0,20.0,0.7786079692460497,0
1.0,20.0,0.7755624115820433,0
1.0,20.0,0.6997143715581035,0
1.0,20.0,0.8026230716880807,0
1.0,20.0,0.5436889289050956,0
1.0,20.0,0.5601360005719982,0
1.0,20.0,0.3587129965967776,0
1.0,20.0,0.9298594118708434,0
1.0,20.0,0.6808242786063732,0
1.0,20.0,0.3962563333641244,0
1.0,20.0,0.6701919731831484,0
1.0,20.0,1.4868600445292661,1
1.0,20.0,1.145137895080807,0
