,Tau,Method,Recovery
0,0.0,Naive,1
1,0.025,Randomized,1
2,0.05,Randomized,1
3,0.1,Randomized,1
4,0.25,Randomized,0
5,0.5,Randomized,0
6,1.0,Randomized,0
7,5.0,Randomized,0
8,0.0,Naive,1
9,0.025,Randomized,1
10,0.05,Randomized,1
11,0.1,Randomized,1
12,0.25,Randomized,1
13,0.5,Randomized,0
14,1.0,Randomized,0
15,5.0,Randomized,0
16,0.0,Naive,1
17,0.025,Randomized,1
18,0.05,Randomized,1
19,0.1,Randomized,1
20,0.25,Randomized,0
21,0.5,Randomized,0
22,1.0,Randomized,0
23,5.0,Randomized,0
24,0.0,Naive,1
25,0.025,Randomized,1
26,0.05,Randomized,1
27,0.1,Randomized,1
28,0.25,Randomized,0
29,0.5,Randomized,0
30,1.0,Randomized,0
31,5.0,Randomized,0
32,0.0,Naive,1
33,0.025,Randomized,1
34,0.05,Randomized,1
35,0.1,Randomized,1
36,0.25,Randomized,0
37,0.5,Randomized,0
38,1.0,Randomized,0
39,5.0,Randomized,0
40,0.0,Naive,1
41,0.025,Randomized,1
42,0.05,Randomized,1
43,0.1,Randomized,1
44,0.25,Randomized,1
45,0.5,Randomized,0
46,1.0,Randomized,0
47,5.0,Randomized,0
48,0.0,Naive,1
49,0.025,Randomized,1
50,0.05,Randomized,1
51,0.1,Randomized,1
52,0.25,Randomized,0
53,0.5,Randomized,0
54,1.0,Randomized,0
55,5.0,Randomized,0
56,0.0,Naive,1
57,0.025,Randomized,1
58,0.05,Randomized,1
59,0.1,Randomized,1
60,0.25,Randomized,1
61,0.5,Randomized,0
62,1.0,Randomized,0
63,5.0,Randomized,0
64,0.0,Naive,1
65,0.025,Randomized,1
66,0.05,Randomized,1
67,0.1,Randomized,1
68,0.25,Randomized,1
69,0.5,Randomized,1
70,1.0,Randomized,0
71,5.0,Randomized,0
72,0.0,Naive,1
73,0.025,Randomized,1
74,0.05,Randomized,1
75,0.1,Randomized,1
76,0.25,Randomized,1
77,0.5,Randomized,0
78,1.0,Randomized,0
79,5.0,Randomized,0
80,0.0,Naive,1
81,0.025,Randomized,1
82,0.05,Randomized,1
83,0.1,Randomized,0
84,0.25,Randomized,0
85,0.5,Randomized,0
86,1.0,Randomized,0
87,5.0,Randomized,0
88,0.0,Naive,1
89,0.025,Randomized,1
90,0.05,Randomized,1
91,0.1,Randomized,1
92,0.25,Randomized,0
93,0.5,Randomized,0
94,1.0,Randomized,0
95,5.0,Randomized,0
96,0.0,Naive,1
97,0.025,Randomized,0
98,0.05,Randomized,0
99,0.1,Randomized,0
100,0.25,Randomized,0
101,0.5,Randomized,0
102,1.0,Randomized,0
103,5.0,Randomized,0
104,0.0,Naive,1
105,0.025,Randomized,1
106,0.05,Randomized,1
107,0.1,Randomized,1
108,0.25,Randomized,1
109,0.5,Randomized,0
110,1.0,Randomized,0
111,5.0,Randomized,0
112,0.0,Naive,1
113,0.025,Randomized,1
114,0.05,Randomized,1
115,0.1,Randomized,1
116,0.25,Randomized,1
117,0.5,Randomized,0
118,1.0,Randomized,0
119,5.0,Randomized,0
120,0.0,Naive,1
121,0.025,Randomized,1
122,0.05,Randomized,1
123,0.1,Randomized,1
124,0.25,Randomized,0
125,0.5,Randomized,0
126,1.0,Randomized,0
127,5.0,Randomized,0
128,0.0,Naive,1
129,0.025,Randomized,1
130,0.05,Randomized,1
131,0.1,Randomized,1
132,0.25,Randomized,1
133,0.5,Randomized,1
134,1.0,Randomized,0
135,5.0,Randomized,0
136,0.0,Naive,1
137,0.025,Randomized,1
138,0.05,Randomized,1
139,0.1,Randomized,0
140,0.25,Randomized,0
141,0.5,Randomized,0
142,1.0,Randomized,0
143,5.0,Randomized,0
144,0.0,Naive,1
145,0.025,Randomized,1
146,0.05,Randomized,1
147,0.1,Randomized,1
148,0.25,Randomized,1
149,0.5,Randomized,0
150,1.0,Randomized,0
151,5.0,Randomized,0
152,0.0,Naive,1
153,0.025,Randomized,1
154,0.05,Randomized,1
155,0.1,Randomized,1
156,0.25,Randomized,1
157,0.5,Randomized,0
158,1.0,Randomized,0
159,5.0,Randomized,0
160,0.0,Naive,0
161,0.025,Randomized,0
162,0.05,Randomized,0
163,0.1,Randomized,0
164,0.25,Randomized,0
165,0.5,Randomized,0
166,1.0,Randomized,0
167,5.0,Randomized,0
168,0.0,Naive,1
169,0.025,Randomized,1
170,0.05,Randomized,1
171,0.1,Randomized,1
172,0.25,Randomized,1
173,0.5,Randomized,0
174,1.0,Randomized,0
175,5.0,Randomized,0
176,0.0,Naive,1
177,0.025,Randomized,1
178,0.05,Randomized,1
179,0.1,Randomized,1
180,0.25,Randomized,1
181,0.5,Randomized,0
182,1.0,Randomized,0
183,5.0,Randomized,0
184,0.0,Naive,1
185,0.025,Randomized,1
186,0.05,Randomized,1
187,0.1,Randomized,1
188,0.25,Randomized,0
189,0.5,Randomized,0
190,1.0,Randomized,0
191,5.0,Randomized,0
192,0.0,Naive,1
193,0.025,Randomized,1
194,0.05,Randomized,1
195,0.1,Randomized,1
196,0.25,Randomized,1
197,0.5,Randomized,0
198,1.0,Randomized,0
199,5.0,Randomized,0
200,0.0,Naive,1
201,0.025,Randomized,1
202,0.05,Randomized,1
203,0.1,Randomized,1
204,0.25,Randomized,0
205,0.5,Randomized,0
206,1.0,Randomized,0
207,5.0,Randomized,0
208,0.0,Naive,1
209,0.025,Randomized,1
210,0.05,Randomized,1
211,0.1,Randomized,1
212,0.25,Randomized,1
213,0.5,Randomized,0
214,1.0,Randomized,0
215,5.0,Randomized,0
216,0.0,Naive,1
217,0.025,Randomized,1
218,0.05,Randomized,1
219,0.1,Randomized,1
220,0.25,Randomized,1
221,0.5,Randomized,0
222,1.0,Randomized,0
223,5.0,Randomized,0
224,0.0,Naive,1
225,0.025,Randomized,1
226,0.05,Randomized,1
227,0.1,Randomized,1
228,0.25,Randomized,0
229,0.5,Randomized,0
230,1.0,Randomized,0
231,5.0,Randomized,0
232,0.0,Naive,1
233,0.025,Randomized,1
234,0.05,Randomized,1
235,0.1,Randomized,1
236,0.25,Randomized,1
237,0.5,Randomized,0
238,1.0,Randomized,0
239,5.0,Randomized,0
240,0.0,Naive,1
241,0.025,Randomized,1
242,0.05,Randomized,1
243,0.1,Randomized,1
244,0.25,Randomized,1
245,0.5,Randomized,0
246,1.0,Randomized,0
247,5.0,Randomized,0
248,0.0,Naive,0
249,0.025,Randomized,0
250,0.05,Randomized,1
251,0.1,Randomized,0
252,0.25,Randomized,0
253,0.5,Randomized,0
254,1.0,Randomized,0
255,5.0,Randomized,0
256,0.0,Naive,1
257,0.025,Randomized,1
258,0.05,Randomized,1
259,0.1,Randomized,1
260,0.25,Randomized,1
261,0.5,Randomized,0
262,1.0,Randomized,0
263,5.0,Randomized,0
264,0.0,Naive,1
265,0.025,Randomized,1
266,0.05,Randomized,1
267,0.1,Randomized,1
268,0.25,Randomized,1
269,0.5,Randomized,0
270,1.0,Randomized,0
271,5.0,Randomized,0
272,0.0,Naive,1
273,0.025,Randomized,1
274,0.05,Randomized,1
275,0.1,Randomized,1
276,0.25,Randomized,1
277,0.5,Randomized,0
278,1.0,Randomized,0
279,5.0,Randomized,0
280,0.0,Naive,1
281,0.025,Randomized,1
282,0.05,Randomized,1
283,0.1,Randomized,1
284,0.25,Randomized,0
285,0.5,Randomized,0
286,1.0,Randomized,0
287,5.0,Randomized,0
288,0.0,Naive,1
289,0.025,Randomized,0
290,0.05,Randomized,0
291,0.1,Randomized,0
292,0.25,Randomized,1
293,0.5,Randomized,0
294,1.0,Randomized,0
295,5.0,Randomized,0
296,0.0,Naive,1
297,0.025,Randomized,1
298,0.05,Randomized,1
299,0.1,Randomized,1
300,0.25,Randomized,0
301,0.5,Randomized,0
302,1.0,Randomized,0
303,5.0,Randomized,0
304,0.0,Naive,1
305,0.025,Randomized,1
306,0.05,Randomized,1
307,0.1,Randomized,1
308,0.25,Randomized,0
309,0.5,Randomized,0
310,1.0,Randomized,0
311,5.0,Randomized,0
312,0.0,Naive,1
313,0.025,Randomized,1
314,0.05,Randomized,1
315,0.1,Randomized,0
316,0.25,Randomized,0
317,0.5,Randomized,0
318,1.0,Randomized,0
319,5.0,Randomized,0
320,0.0,Naive,1
321,0.025,Randomized,1
322,0.05,Randomized,1
323,0.1,Randomized,1
324,0.25,Randomized,0
325,0.5,Randomized,0
326,1.0,Randomized,0
327,5.0,Randomized,0
328,0.0,Naive,1
329,0.025,Randomized,1
330,0.05,Randomized,1
331,0.1,Randomized,1
332,0.25,Randomized,0
333,0.5,Randomized,0
334,1.0,Randomized,0
335,5.0,Randomized,0
336,0.0,Naive,1
337,0.025,Randomized,1
338,0.05,Randomized,1
339,0.1,Randomized,1
340,0.25,Randomized,0
341,0.5,Randomized,0
342,1.0,Randomized,0
343,5.0,Randomized,0
344,0.0,Naive,1
345,0.025,Randomized,1
346,0.05,Randomized,1
347,0.1,Randomized,1
348,0.25,Randomized,0
349,0.5,Randomized,0
350,1.0,Randomized,0
351,5.0,Randomized,0
352,0.0,Naive,1
353,0.025,Randomized,1
354,0.05,Randomized,1
355,0.1,Randomized,1
356,0.25,Randomized,1
357,0.5,Randomized,0
358,1.0,Randomized,0
359,5.0,Randomized,0
360,0.0,Naive,1
361,0.025,Randomized,1
362,0.05,Randomized,1
363,0.1,Randomized,1
364,0.25,Randomized,0
365,0.5,Randomized,0
366,1.0,Randomized,0
367,5.0,Randomized,0
368,0.0,Naive,1
369,0.025,Randomized,1
370,0.05,Randomized,1
371,0.1,Randomized,0
372,0.25,Randomized,0
373,0.5,Randomized,0
374,1.0,Randomized,0
375,5.0,Randomized,0
376,0.0,Naive,0
377,0.025,Randomized,0
378,0.05,Randomized,0
379,0.1,Randomized,0
380,0.25,Randomized,0
381,0.5,Randomized,0
382,1.0,Randomized,0
383,5.0,Randomized,0
384,0.0,Naive,1
385,0.025,Randomized,1
386,0.05,Randomized,1
387,0.1,Randomized,1
388,0.25,Randomized,0
389,0.5,Randomized,0
390,1.0,Randomized,0
391,5.0,Randomized,0
392,0.0,Naive,1
393,0.025,Randomized,1
394,0.05,Randomized,1
395,0.1,Randomized,1
396,0.25,Randomized,0
397,0.5,Randomized,0
398,1.0,Randomized,0
399,5.0,Randomized,0
400,0.0,Naive,0
401,0.025,Randomized,0
402,0.05,Randomized,0
403,0.1,Randomized,0
404,0.25,Randomized,0
405,0.5,Randomized,0
406,1.0,Randomized,0
407,5.0,Randomized,0
408,0.0,Naive,0
409,0.025,Randomized,0
410,0.05,Randomized,0
411,0.1,Randomized,0
412,0.25,Randomized,0
413,0.5,Randomized,0
414,1.0,Randomized,0
415,5.0,Randomized,0
416,0.0,Naive,1
417,0.025,Randomized,1
418,0.05,Randomized,1
419,0.1,Randomized,1
420,0.25,Randomized,1
421,0.5,Randomized,0
422,1.0,Randomized,0
423,5.0,Randomized,0
424,0.0,Naive,1
425,0.025,Randomized,1
426,0.05,Randomized,1
427,0.1,Randomized,1
428,0.25,Randomized,0
429,0.5,Randomized,0
430,1.0,Randomized,0
431,5.0,Randomized,0
432,0.0,Naive,0
433,0.025,Randomized,0
434,0.05,Randomized,0
435,0.1,Randomized,0
436,0.25,Randomized,0
437,0.5,Randomized,0
438,1.0,Randomized,0
439,5.0,Randomized,0
440,0.0,Naive,1
441,0.025,Randomized,1
442,0.05,Randomized,1
443,0.1,Randomized,1
444,0.25,Randomized,1
445,0.5,Randomized,0
446,1.0,Randomized,0
447,5.0,Randomized,0
448,0.0,Naive,1
449,0.025,Randomized,1
450,0.05,Randomized,1
451,0.1,Randomized,1
452,0.25,Randomized,1
453,0.5,Randomized,0
454,1.0,Randomized,0
455,5.0,Randomized,0
456,0.0,Naive,1
457,0.025,Randomized,1
458,0.05,Randomized,1
459,0.1,Randomized,1
460,0.25,Randomized,0
461,0.5,Randomized,0
462,1.0,Randomized,0
463,5.0,Randomized,0
464,0.0,Naive,1
465,0.025,Randomized,1
466,0.05,Randomized,1
467,0.1,Randomized,0
468,0.25,Randomized,0
469,0.5,Randomized,0
470,1.0,Randomized,0
471,5.0,Randomized,0
472,0.0,Naive,1
473,0.025,Randomized,1
474,0.05,Randomized,1
475,0.1,Randomized,1
476,0.25,Randomized,1
477,0.5,Randomized,0
478,1.0,Randomized,0
479,5.0,Randomized,0
480,0.0,Naive,1
481,0.025,Randomized,1
482,0.05,Randomized,1
483,0.1,Randomized,1
484,0.25,Randomized,1
485,0.5,Randomized,0
486,1.0,Randomized,0
487,5.0,Randomized,0
488,0.0,Naive,1
489,0.025,Randomized,1
490,0.05,Randomized,1
491,0.1,Randomized,1
492,0.25,Randomized,1
493,0.5,Randomized,1
494,1.0,Randomized,0
495,5.0,Randomized,0
496,0.0,Naive,1
497,0.025,Randomized,1
498,0.05,Randomized,1
499,0.1,Randomized,0
500,0.25,Randomized,1
501,0.5,Randomized,0
502,1.0,Randomized,0
503,5.0,Randomized,0
504,0.0,Naive,1
505,0.025,Randomized,1
506,0.05,Randomized,1
507,0.1,Randomized,1
508,0.25,Randomized,0
509,0.5,Randomized,0
510,1.0,Randomized,0
511,5.0,Randomized,0
512,0.0,Naive,1
513,0.025,Randomized,1
514,0.05,Randomized,1
515,0.1,Randomized,1
516,0.25,Randomized,0
517,0.5,Randomized,0
518,1.0,Randomized,0
519,5.0,Randomized,0
520,0.0,Naive,0
521,0.025,Randomized,0
522,0.05,Randomized,0
523,0.1,Randomized,0
524,0.25,Randomized,0
525,0.5,Randomized,1
526,1.0,Randomized,0
527,5.0,Randomized,0
528,0.0,Naive,1
529,0.025,Randomized,1
530,0.05,Randomized,1
531,0.1,Randomized,1
532,0.25,Randomized,0
533,0.5,Randomized,0
534,1.0,Randomized,0
535,5.0,Randomized,0
536,0.0,Naive,1
537,0.025,Randomized,1
538,0.05,Randomized,1
539,0.1,Randomized,1
540,0.25,Randomized,1
541,0.5,Randomized,0
542,1.0,Randomized,0
543,5.0,Randomized,0
544,0.0,Naive,1
545,0.025,Randomized,1
546,0.05,Randomized,1
547,0.1,Randomized,1
548,0.25,Randomized,1
549,0.5,Randomized,0
550,1.0,Randomized,0
551,5.0,Randomized,0
552,0.0,Naive,1
553,0.025,Randomized,1
554,0.05,Randomized,0
555,0.1,Randomized,1
556,0.25,Randomized,1
557,0.5,Randomized,0
558,1.0,Randomized,0
559,5.0,Randomized,0
560,0.0,Naive,1
561,0.025,Randomized,1
562,0.05,Randomized,1
563,0.1,Randomized,1
564,0.25,Randomized,0
565,0.5,Randomized,0
566,1.0,Randomized,0
567,5.0,Randomized,0
568,0.0,Naive,1
569,0.025,Randomized,1
570,0.05,Randomized,1
571,0.1,Randomized,1
572,0.25,Randomized,1
573,0.5,Randomized,0
574,1.0,Randomized,0
575,5.0,Randomized,0
576,0.0,Naive,1
577,0.025,Randomized,1
578,0.05,Randomized,1
579,0.1,Randomized,1
580,0.25,Randomized,1
581,0.5,Randomized,0
582,1.0,Randomized,0
583,5.0,Randomized,0
584,0.0,Naive,1
585,0.025,Randomized,1
586,0.05,Randomized,1
587,0.1,Randomized,1
588,0.25,Randomized,0
589,0.5,Randomized,0
590,1.0,Randomized,0
591,5.0,Randomized,0
592,0.0,Naive,1
593,0.025,Randomized,1
594,0.05,Randomized,1
595,0.1,Randomized,1
596,0.25,Randomized,0
597,0.5,Randomized,0
598,1.0,Randomized,0
599,5.0,Randomized,0
600,0.0,Naive,1
601,0.025,Randomized,1
602,0.05,Randomized,1
603,0.1,Randomized,1
604,0.25,Randomized,0
605,0.5,Randomized,0
606,1.0,Randomized,0
607,5.0,Randomized,0
608,0.0,Naive,1
609,0.025,Randomized,1
610,0.05,Randomized,1
611,0.1,Randomized,1
612,0.25,Randomized,0
613,0.5,Randomized,0
614,1.0,Randomized,0
615,5.0,Randomized,0
616,0.0,Naive,1
617,0.025,Randomized,1
618,0.05,Randomized,1
619,0.1,Randomized,1
620,0.25,Randomized,1
621,0.5,Randomized,0
622,1.0,Randomized,0
623,5.0,Randomized,0
624,0.0,Naive,1
625,0.025,Randomized,1
626,0.05,Randomized,1
627,0.1,Randomized,1
628,0.25,Randomized,1
629,0.5,Randomized,0
630,1.0,Randomized,0
631,5.0,Randomized,0
632,0.0,Naive,1
633,0.025,Randomized,1
634,0.05,Randomized,1
635,0.1,Randomized,1
636,0.25,Randomized,1
637,0.5,Randomized,0
638,1.0,Randomized,0
639,5.0,Randomized,0
640,0.0,Naive,1
641,0.025,Randomized,1
642,0.05,Randomized,1
643,0.1,Randomized,1
644,0.25,Randomized,1
645,0.5,Randomized,0
646,1.0,Randomized,0
647,5.0,Randomized,0
648,0.0,Naive,1
649,0.025,Randomized,1
650,0.05,Randomized,1
651,0.1,Randomized,1
652,0.25,Randomized,1
653,0.5,Randomized,0
654,1.0,Randomized,0
655,5.0,Randomized,0
656,0.0,Naive,1
657,0.025,Randomized,1
658,0.05,Randomized,1
659,0.1,Randomized,1
660,0.25,Randomized,0
661,0.5,Randomized,0
662,1.0,Randomized,0
663,5.0,Randomized,0
664,0.0,Naive,1
665,0.025,Randomized,1
666,0.05,Randomized,1
667,0.1,Randomized,1
668,0.25,Randomized,1
669,0.5,Randomized,0
670,1.0,Randomized,0
671,5.0,Randomized,0
672,0.0,Naive,1
673,0.025,Randomized,1
674,0.05,Randomized,1
675,0.1,Randomized,1
676,0.25,Randomized,1
677,0.5,Randomized,0
678,1.0,Randomized,0
679,5.0,Randomized,0
680,0.0,Naive,1
681,0.025,Randomized,1
682,0.05,Randomized,1
683,0.1,Randomized,0
684,0.25,Randomized,0
685,0.5,Randomized,0
686,1.0,Randomized,0
687,5.0,Randomized,0
688,0.0,Naive,1
689,0.025,Randomized,1
690,0.05,Randomized,1
691,0.1,Randomized,1
692,0.25,Randomized,1
693,0.5,Randomized,0
694,1.0,Randomized,0
695,5.0,Randomized,0
696,0.0,Naive,1
697,0.025,Randomized,1
698,0.05,Randomized,1
699,0.1,Randomized,1
700,0.25,Randomized,1
701,0.5,Randomized,0
702,1.0,Randomized,0
703,5.0,Randomized,0
704,0.0,Naive,1
705,0.025,Randomized,1
706,0.05,Randomized,1
707,0.1,Randomized,1
708,0.25,Randomized,1
709,0.5,Randomized,0
710,1.0,Randomized,0
711,5.0,Randomized,0
712,0.0,Naive,1
713,0.025,Randomized,1
714,0.05,Randomized,1
715,0.1,Randomized,1
716,0.25,Randomized,1
717,0.5,Randomized,0
718,1.0,Randomized,0
719,5.0,Randomized,0
720,0.0,Naive,1
721,0.025,Randomized,1
722,0.05,Randomized,1
723,0.1,Randomized,1
724,0.25,Randomized,1
725,0.5,Randomized,1
726,1.0,Randomized,0
727,5.0,Randomized,0
728,0.0,Naive,1
729,0.025,Randomized,1
730,0.05,Randomized,1
731,0.1,Randomized,1
732,0.25,Randomized,0
733,0.5,Randomized,0
734,1.0,Randomized,0
735,5.0,Randomized,0
736,0.0,Naive,1
737,0.025,Randomized,1
738,0.05,Randomized,1
739,0.1,Randomized,1
740,0.25,Randomized,1
741,0.5,Randomized,0
742,1.0,Randomized,0
743,5.0,Randomized,0
744,0.0,Naive,1
745,0.025,Randomized,1
746,0.05,Randomized,1
747,0.1,Randomized,1
748,0.25,Randomized,0
749,0.5,Randomized,0
750,1.0,Randomized,0
751,5.0,Randomized,0
752,0.0,Naive,1
753,0.025,Randomized,1
754,0.05,Randomized,1
755,0.1,Randomized,1
756,0.25,Randomized,0
757,0.5,Randomized,0
758,1.0,Randomized,0
759,5.0,Randomized,0
760,0.0,Naive,1
761,0.025,Randomized,1
762,0.05,Randomized,1
763,0.1,Randomized,1
764,0.25,Randomized,0
765,0.5,Randomized,0
766,1.0,Randomized,0
767,5.0,Randomized,0
768,0.0,Naive,1
769,0.025,Randomized,1
770,0.05,Randomized,1
771,0.1,Randomized,1
772,0.25,Randomized,1
773,0.5,Randomized,0
774,1.0,Randomized,0
775,5.0,Randomized,0
776,0.0,Naive,1
777,0.025,Randomized,1
778,0.05,Randomized,1
779,0.1,Randomized,0
780,0.25,Randomized,0
781,0.5,Randomized,0
782,1.0,Randomized,0
783,5.0,Randomized,0
784,0.0,Naive,1
785,0.025,Randomized,1
786,0.05,Randomized,1
787,0.1,Randomized,1
788,0.25,Randomized,0
789,0.5,Randomized,0
790,1.0,Randomized,0
791,5.0,Randomized,0
792,0.0,Naive,1
793,0.025,Randomized,1
794,0.05,Randomized,1
795,0.1,Randomized,1
796,0.25,Randomized,0
797,0.5,Randomized,0
798,1.0,Randomized,0
799,5.0,Randomized,0
800,0.0,Naive,1
801,0.025,Randomized,1
802,0.05,Randomized,1
803,0.1,Randomized,0
804,0.25,Randomized,0
805,0.5,Randomized,0
806,1.0,Randomized,0
807,5.0,Randomized,0
808,0.0,Naive,1
809,0.025,Randomized,1
810,0.05,Randomized,1
811,0.1,Randomized,1
812,0.25,Randomized,1
813,0.5,Randomized,0
814,1.0,Randomized,0
815,5.0,Randomized,0
816,0.0,Naive,1
817,0.025,Randomized,1
818,0.05,Randomized,1
819,0.1,Randomized,1
820,0.25,Randomized,0
821,0.5,Randomized,0
822,1.0,Randomized,0
823,5.0,Randomized,0
824,0.0,Naive,1
825,0.025,Randomized,1
826,0.05,Randomized,1
827,0.1,Randomized,0
828,0.25,Randomized,1
829,0.5,Randomized,0
830,1.0,Randomized,0
831,5.0,Randomized,0
832,0.0,Naive,1
833,0.025,Randomized,1
834,0.05,Randomized,1
835,0.1,Randomized,1
836,0.25,Randomized,0
837,0.5,Randomized,0
838,1.0,Randomized,0
839,5.0,Randomized,0
840,0.0,Naive,1
841,0.025,Randomized,1
842,0.05,Randomized,1
843,0.1,Randomized,0
844,0.25,Randomized,0
845,0.5,Randomized,0
846,1.0,Randomized,0
847,5.0,Randomized,0
848,0.0,Naive,1
849,0.025,Randomized,1
850,0.05,Randomized,1
851,0.1,Randomized,1
852,0.25,Randomized,1
853,0.5,Randomized,0
854,1.0,Randomized,0
855,5.0,Randomized,0
856,0.0,Naive,1
857,0.025,Randomized,1
858,0.05,Randomized,1
859,0.1,Randomized,1
860,0.25,Randomized,0
861,0.5,Randomized,0
862,1.0,Randomized,0
863,5.0,Randomized,0
864,0.0,Naive,1
865,0.025,Randomized,1
866,0.05,Randomized,1
867,0.1,Randomized,1
868,0.25,Randomized,0
869,0.5,Randomized,0
870,1.0,Randomized,0
871,5.0,Randomized,0
872,0.0,Naive,1
873,0.025,Randomized,1
874,0.05,Randomized,1
875,0.1,Randomized,1
876,0.25,Randomized,0
877,0.5,Randomized,0
878,1.0,Randomized,0
879,5.0,Randomized,0
880,0.0,Naive,1
881,0.025,Randomized,1
882,0.05,Randomized,1
883,0.1,Randomized,1
884,0.25,Randomized,0
885,0.5,Randomized,0
886,1.0,Randomized,0
887,5.0,Randomized,0
888,0.0,Naive,1
889,0.025,Randomized,1
890,0.05,Randomized,1
891,0.1,Randomized,1
892,0.25,Randomized,0
893,0.5,Randomized,0
894,1.0,Randomized,0
895,5.0,Randomized,0
896,0.0,Naive,1
897,0.025,Randomized,1
898,0.05,Randomized,1
899,0.1,Randomized,1
900,0.25,Randomized,1
901,0.5,Randomized,0
902,1.0,Randomized,0
903,5.0,Randomized,0
904,0.0,Naive,1
905,0.025,Randomized,1
906,0.05,Randomized,1
907,0.1,Randomized,1
908,0.25,Randomized,1
909,0.5,Randomized,0
910,1.0,Randomized,0
911,5.0,Randomized,0
912,0.0,Naive,1
913,0.025,Randomized,1
914,0.05,Randomized,1
915,0.1,Randomized,1
916,0.25,Randomized,0
917,0.5,Randomized,0
918,1.0,Randomized,0
919,5.0,Randomized,0
920,0.0,Naive,1
921,0.025,Randomized,1
922,0.05,Randomized,1
923,0.1,Randomized,1
924,0.25,Randomized,1
925,0.5,Randomized,0
926,1.0,Randomized,0
927,5.0,Randomized,0
928,0.0,Naive,1
929,0.025,Randomized,1
930,0.05,Randomized,1
931,0.1,Randomized,1
932,0.25,Randomized,0
933,0.5,Randomized,0
934,1.0,Randomized,0
935,5.0,Randomized,0
936,0.0,Naive,1
937,0.025,Randomized,1
938,0.05,Randomized,1
939,0.1,Randomized,1
940,0.25,Randomized,1
941,0.5,Randomized,0
942,1.0,Randomized,0
943,5.0,Randomized,0
944,0.0,Naive,1
945,0.025,Randomized,1
946,0.05,Randomized,1
947,0.1,Randomized,1
948,0.25,Randomized,1
949,0.5,Randomized,1
950,1.0,Randomized,0
951,5.0,Randomized,0
952,0.0,Naive,0
953,0.025,Randomized,1
954,0.05,Randomized,1
955,0.1,Randomized,0
956,0.25,Randomized,1
957,0.5,Randomized,0
958,1.0,Randomized,0
959,5.0,Randomized,0
960,0.0,Naive,1
961,0.025,Randomized,1
962,0.05,Randomized,1
963,0.1,Randomized,1
964,0.25,Randomized,1
965,0.5,Randomized,0
966,1.0,Randomized,0
967,5.0,Randomized,0
968,0.0,Naive,1
969,0.025,Randomized,1
970,0.05,Randomized,1
971,0.1,Randomized,0
972,0.25,Randomized,1
973,0.5,Randomized,0
974,1.0,Randomized,0
975,5.0,Randomized,0
976,0.0,Naive,1
977,0.025,Randomized,1
978,0.05,Randomized,1
979,0.1,Randomized,1
980,0.25,Randomized,0
981,0.5,Randomized,0
982,1.0,Randomized,0
983,5.0,Randomized,0
984,0.0,Naive,1
985,0.025,Randomized,1
986,0.05,Randomized,1
987,0.1,Randomized,1
988,0.25,Randomized,1
989,0.5,Randomized,0
990,1.0,Randomized,0
991,5.0,Randomized,0
992,0.0,Naive,0
993,0.025,Randomized,0
994,0.05,Randomized,1
995,0.1,Randomized,1
996,0.25,Randomized,1
997,0.5,Randomized,0
998,1.0,Randomized,0
999,5.0,Randomized,0
1000,0.0,Naive,0
1001,0.025,Randomized,0
1002,0.05,Randomized,0
1003,0.1,Randomized,0
1004,0.25,Randomized,1
1005,0.5,Randomized,1
1006,1.0,Randomized,0
1007,5.0,Randomized,0
1008,0.0,Naive,1
1009,0.025,Randomized,1
1010,0.05,Randomized,1
1011,0.1,Randomized,1
1012,0.25,Randomized,1
1013,0.5,Randomized,0
1014,1.0,Randomized,0
1015,5.0,Randomized,0
1016,0.0,Naive,1
1017,0.025,Randomized,1
1018,0.05,Randomized,1
1019,0.1,Randomized,1
1020,0.25,Randomized,0
1021,0.5,Randomized,0
1022,1.0,Randomized,0
1023,5.0,Randomized,0
1024,0.0,Naive,1
1025,0.025,Randomized,1
1026,0.05,Randomized,1
1027,0.1,Randomized,1
1028,0.25,Randomized,1
1029,0.5,Randomized,0
1030,1.0,Randomized,0
1031,5.0,Randomized,0
1032,0.0,Naive,1
1033,0.025,Randomized,1
1034,0.05,Randomized,1
1035,0.1,Randomized,1
1036,0.25,Randomized,1
1037,0.5,Randomized,0
1038,1.0,Randomized,0
1039,5.0,Randomized,0
1040,0.0,Naive,1
1041,0.025,Randomized,1
1042,0.05,Randomized,1
1043,0.1,Randomized,1
1044,0.25,Randomized,0
1045,0.5,Randomized,0
1046,1.0,Randomized,0
1047,5.0,Randomized,0
1048,0.0,Naive,1
1049,0.025,Randomized,1
1050,0.05,Randomized,1
1051,0.1,Randomized,1
1052,0.25,Randomized,1
1053,0.5,Randomized,0
1054,1.0,Randomized,0
1055,5.0,Randomized,0
1056,0.0,Naive,1
1057,0.025,Randomized,1
1058,0.05,Randomized,1
1059,0.1,Randomized,1
1060,0.25,Randomized,1
1061,0.5,Randomized,0
1062,1.0,Randomized,0
1063,5.0,Randomized,0
1064,0.0,Naive,0
1065,0.025,Randomized,0
1066,0.05,Randomized,1
1067,0.1,Randomized,0
1068,0.25,Randomized,0
1069,0.5,Randomized,0
1070,1.0,Randomized,0
1071,5.0,Randomized,0
1072,0.0,Naive,1
1073,0.025,Randomized,1
1074,0.05,Randomized,1
1075,0.1,Randomized,1
1076,0.25,Randomized,1
1077,0.5,Randomized,0
1078,1.0,Randomized,0
1079,5.0,Randomized,0
1080,0.0,Naive,1
1081,0.025,Randomized,1
1082,0.05,Randomized,1
1083,0.1,Randomized,1
1084,0.25,Randomized,0
1085,0.5,Randomized,0
1086,1.0,Randomized,0
1087,5.0,Randomized,0
1088,0.0,Naive,1
1089,0.025,Randomized,1
1090,0.05,Randomized,1
1091,0.1,Randomized,1
1092,0.25,Randomized,1
1093,0.5,Randomized,0
1094,1.0,Randomized,0
1095,5.0,Randomized,0
1096,0.0,Naive,1
1097,0.025,Randomized,1
1098,0.05,Randomized,1
1099,0.1,Randomized,1
1100,0.25,Randomized,0
1101,0.5,Randomized,0
1102,1.0,Randomized,0
1103,5.0,Randomized,0
1104,0.0,Naive,1
1105,0.025,Randomized,1
1106,0.05,Randomized,1
1107,0.1,Randomized,0
1108,0.25,Randomized,1
1109,0.5,Randomized,0
1110,1.0,Randomized,0
1111,5.0,Randomized,0
1112,0.0,Naive,1
1113,0.025,Randomized,1
1114,0.05,Randomized,1
1115,0.1,Randomized,1
1116,0.25,Randomized,0
1117,0.5,Randomized,0
1118,1.0,Randomized,0
1119,5.0,Randomized,0
1120,0.0,Naive,1
1121,0.025,Randomized,1
1122,0.05,Randomized,1
1123,0.1,Randomized,0
1124,0.25,Randomized,0
1125,0.5,Randomized,0
1126,1.0,Randomized,0
1127,5.0,Randomized,0
1128,0.0,Naive,1
1129,0.025,Randomized,1
1130,0.05,Randomized,1
1131,0.1,Randomized,0
1132,0.25,Randomized,1
1133,0.5,Randomized,0
1134,1.0,Randomized,0
1135,5.0,Randomized,0
1136,0.0,Naive,1
1137,0.025,Randomized,1
1138,0.05,Randomized,1
1139,0.1,Randomized,1
1140,0.25,Randomized,0
1141,0.5,Randomized,0
1142,1.0,Randomized,0
1143,5.0,Randomized,0
1144,0.0,Naive,1
1145,0.025,Randomized,1
1146,0.05,Randomized,1
1147,0.1,Randomized,1
1148,0.25,Randomized,1
1149,0.5,Randomized,0
1150,1.0,Randomized,0
1151,5.0,Randomized,0
1152,0.0,Naive,1
1153,0.025,Randomized,1
1154,0.05,Randomized,1
1155,0.1,Randomized,1
1156,0.25,Randomized,1
1157,0.5,Randomized,0
1158,1.0,Randomized,0
1159,5.0,Randomized,0
1160,0.0,Naive,1
1161,0.025,Randomized,1
1162,0.05,Randomized,1
1163,0.1,Randomized,1
1164,0.25,Randomized,1
1165,0.5,Randomized,0
1166,1.0,Randomized,0
1167,5.0,Randomized,0
1168,0.0,Naive,1
1169,0.025,Randomized,1
1170,0.05,Randomized,1
1171,0.1,Randomized,1
1172,0.25,Randomized,0
1173,0.5,Randomized,0
1174,1.0,Randomized,0
1175,5.0,Randomized,0
1176,0.0,Naive,1
1177,0.025,Randomized,1
1178,0.05,Randomized,1
1179,0.1,Randomized,1
1180,0.25,Randomized,1
1181,0.5,Randomized,1
1182,1.0,Randomized,0
1183,5.0,Randomized,0
1184,0.0,Naive,1
1185,0.025,Randomized,1
1186,0.05,Randomized,1
1187,0.1,Randomized,1
1188,0.25,Randomized,1
1189,0.5,Randomized,0
1190,1.0,Randomized,0
1191,5.0,Randomized,0
1192,0.0,Naive,1
1193,0.025,Randomized,1
1194,0.05,Randomized,1
1195,0.1,Randomized,1
1196,0.25,Randomized,1
1197,0.5,Randomized,0
1198,1.0,Randomized,0
1199,5.0,Randomized,0
1200,0.0,Naive,1
1201,0.025,Randomized,1
1202,0.05,Randomized,1
1203,0.1,Randomized,1
1204,0.25,Randomized,0
1205,0.5,Randomized,0
1206,1.0,Randomized,0
1207,5.0,Randomized,0
1208,0.0,Naive,0
1209,0.025,Randomized,0
1210,0.05,Randomized,0
1211,0.1,Randomized,0
1212,0.25,Randomized,0
1213,0.5,Randomized,0
1214,1.0,Randomized,0
1215,5.0,Randomized,0
1216,0.0,Naive,1
1217,0.025,Randomized,1
1218,0.05,Randomized,1
1219,0.1,Randomized,0
1220,0.25,Randomized,0
1221,0.5,Randomized,0
1222,1.0,Randomized,0
1223,5.0,Randomized,0
1224,0.0,Naive,1
1225,0.025,Randomized,1
1226,0.05,Randomized,1
1227,0.1,Randomized,1
1228,0.25,Randomized,1
1229,0.5,Randomized,1
1230,1.0,Randomized,0
1231,5.0,Randomized,0
1232,0.0,Naive,1
1233,0.025,Randomized,1
1234,0.05,Randomized,1
1235,0.1,Randomized,1
1236,0.25,Randomized,1
1237,0.5,Randomized,0
1238,1.0,Randomized,0
1239,5.0,Randomized,0
1240,0.0,Naive,1
1241,0.025,Randomized,1
1242,0.05,Randomized,1
1243,0.1,Randomized,1
1244,0.25,Randomized,1
1245,0.5,Randomized,0
1246,1.0,Randomized,0
1247,5.0,Randomized,0
1248,0.0,Naive,1
1249,0.025,Randomized,1
1250,0.05,Randomized,1
1251,0.1,Randomized,1
1252,0.25,Randomized,1
1253,0.5,Randomized,0
1254,1.0,Randomized,0
1255,5.0,Randomized,0
1256,0.0,Naive,1
1257,0.025,Randomized,1
1258,0.05,Randomized,1
1259,0.1,Randomized,1
1260,0.25,Randomized,1
1261,0.5,Randomized,0
1262,1.0,Randomized,0
1263,5.0,Randomized,0
1264,0.0,Naive,1
1265,0.025,Randomized,1
1266,0.05,Randomized,1
1267,0.1,Randomized,1
1268,0.25,Randomized,0
1269,0.5,Randomized,0
1270,1.0,Randomized,0
1271,5.0,Randomized,0
1272,0.0,Naive,0
1273,0.025,Randomized,0
1274,0.05,Randomized,0
1275,0.1,Randomized,0
1276,0.25,Randomized,0
1277,0.5,Randomized,0
1278,1.0,Randomized,0
1279,5.0,Randomized,0
1280,0.0,Naive,1
1281,0.025,Randomized,1
1282,0.05,Randomized,1
1283,0.1,Randomized,1
1284,0.25,Randomized,0
1285,0.5,Randomized,0
1286,1.0,Randomized,0
1287,5.0,Randomized,0
1288,0.0,Naive,0
1289,0.025,Randomized,0
1290,0.05,Randomized,0
1291,0.1,Randomized,1
1292,0.25,Randomized,0
1293,0.5,Randomized,0
1294,1.0,Randomized,0
1295,5.0,Randomized,0
1296,0.0,Naive,1
1297,0.025,Randomized,1
1298,0.05,Randomized,1
1299,0.1,Randomized,1
1300,0.25,Randomized,0
1301,0.5,Randomized,1
1302,1.0,Randomized,0
1303,5.0,Randomized,0
1304,0.0,Naive,1
1305,0.025,Randomized,1
1306,0.05,Randomized,1
1307,0.1,Randomized,1
1308,0.25,Randomized,1
1309,0.5,Randomized,0
1310,1.0,Randomized,0
1311,5.0,Randomized,0
1312,0.0,Naive,1
1313,0.025,Randomized,1
1314,0.05,Randomized,1
1315,0.1,Randomized,1
1316,0.25,Randomized,0
1317,0.5,Randomized,0
1318,1.0,Randomized,0
1319,5.0,Randomized,0
1320,0.0,Naive,1
1321,0.025,Randomized,1
1322,0.05,Randomized,1
1323,0.1,Randomized,1
1324,0.25,Randomized,1
1325,0.5,Randomized,0
1326,1.0,Randomized,0
1327,5.0,Randomized,0
1328,0.0,Naive,1
1329,0.025,Randomized,1
1330,0.05,Randomized,1
1331,0.1,Randomized,1
1332,0.25,Randomized,1
1333,0.5,Randomized,0
1334,1.0,Randomized,0
1335,5.0,Randomized,0
1336,0.0,Naive,1
1337,0.025,Randomized,1
1338,0.05,Randomized,1
1339,0.1,Randomized,1
1340,0.25,Randomized,1
1341,0.5,Randomized,0
1342,1.0,Randomized,0
1343,5.0,Randomized,0
1344,0.0,Naive,1
1345,0.025,Randomized,1
1346,0.05,Randomized,1
1347,0.1,Randomized,1
1348,0.25,Randomized,1
1349,0.5,Randomized,0
1350,1.0,Randomized,0
1351,5.0,Randomized,0
1352,0.0,Naive,1
1353,0.025,Randomized,1
1354,0.05,Randomized,1
1355,0.1,Randomized,0
1356,0.25,Randomized,0
1357,0.5,Randomized,0
1358,1.0,Randomized,0
1359,5.0,Randomized,0
1360,0.0,Naive,1
1361,0.025,Randomized,1
1362,0.05,Randomized,1
1363,0.1,Randomized,1
1364,0.25,Randomized,0
1365,0.5,Randomized,0
1366,1.0,Randomized,0
1367,5.0,Randomized,0
1368,0.0,Naive,1
1369,0.025,Randomized,1
1370,0.05,Randomized,1
1371,0.1,Randomized,1
1372,0.25,Randomized,1
1373,0.5,Randomized,0
1374,1.0,Randomized,0
1375,5.0,Randomized,0
1376,0.0,Naive,1
1377,0.025,Randomized,1
1378,0.05,Randomized,1
1379,0.1,Randomized,1
1380,0.25,Randomized,0
1381,0.5,Randomized,0
1382,1.0,Randomized,0
1383,5.0,Randomized,0
1384,0.0,Naive,1
1385,0.025,Randomized,1
1386,0.05,Randomized,1
1387,0.1,Randomized,1
1388,0.25,Randomized,1
1389,0.5,Randomized,0
1390,1.0,Randomized,0
1391,5.0,Randomized,0
1392,0.0,Naive,1
1393,0.025,Randomized,1
1394,0.05,Randomized,1
1395,0.1,Randomized,0
1396,0.25,Randomized,1
1397,0.5,Randomized,0
1398,1.0,Randomized,0
1399,5.0,Randomized,0
1400,0.0,Naive,1
1401,0.025,Randomized,1
1402,0.05,Randomized,1
1403,0.1,Randomized,1
1404,0.25,Randomized,0
1405,0.5,Randomized,0
1406,1.0,Randomized,0
1407,5.0,Randomized,0
1408,0.0,Naive,1
1409,0.025,Randomized,1
1410,0.05,Randomized,1
1411,0.1,Randomized,1
1412,0.25,Randomized,0
1413,0.5,Randomized,1
1414,1.0,Randomized,0
1415,5.0,Randomized,0
1416,0.0,Naive,1
1417,0.025,Randomized,1
1418,0.05,Randomized,1
1419,0.1,Randomized,1
1420,0.25,Randomized,1
1421,0.5,Randomized,0
1422,1.0,Randomized,0
1423,5.0,Randomized,0
1424,0.0,Naive,1
1425,0.025,Randomized,1
1426,0.05,Randomized,1
1427,0.1,Randomized,1
1428,0.25,Randomized,1
1429,0.5,Randomized,1
1430,1.0,Randomized,0
1431,5.0,Randomized,0
1432,0.0,Naive,1
1433,0.025,Randomized,1
1434,0.05,Randomized,1
1435,0.1,Randomized,1
1436,0.25,Randomized,1
1437,0.5,Randomized,1
1438,1.0,Randomized,0
1439,5.0,Randomized,0
1440,0.0,Naive,1
1441,0.025,Randomized,1
1442,0.05,Randomized,1
1443,0.1,Randomized,1
1444,0.25,Randomized,1
1445,0.5,Randomized,0
1446,1.0,Randomized,0
1447,5.0,Randomized,0
1448,0.0,Naive,1
1449,0.025,Randomized,0
1450,0.05,Randomized,0
1451,0.1,Randomized,0
1452,0.25,Randomized,0
1453,0.5,Randomized,0
1454,1.0,Randomized,0
1455,5.0,Randomized,0
1456,0.0,Naive,1
1457,0.025,Randomized,1
1458,0.05,Randomized,1
1459,0.1,Randomized,1
1460,0.25,Randomized,1
1461,0.5,Randomized,0
1462,1.0,Randomized,0
1463,5.0,Randomized,0
1464,0.0,Naive,1
1465,0.025,Randomized,1
1466,0.05,Randomized,1
1467,0.1,Randomized,1
1468,0.25,Randomized,0
1469,0.5,Randomized,0
1470,1.0,Randomized,0
1471,5.0,Randomized,0
1472,0.0,Naive,1
1473,0.025,Randomized,1
1474,0.05,Randomized,1
1475,0.1,Randomized,1
1476,0.25,Randomized,1
1477,0.5,Randomized,0
1478,1.0,Randomized,0
1479,5.0,Randomized,0
1480,0.0,Naive,1
1481,0.025,Randomized,1
1482,0.05,Randomized,1
1483,0.1,Randomized,1
1484,0.25,Randomized,1
1485,0.5,Randomized,0
1486,1.0,Randomized,0
1487,5.0,Randomized,0
1488,0.0,Naive,0
1489,0.025,Randomized,0
1490,0.05,Randomized,0
1491,0.1,Randomized,0
1492,0.25,Randomized,0
1493,0.5,Randomized,0
1494,1.0,Randomized,0
1495,5.0,Randomized,0
1496,0.0,Naive,1
1497,0.025,Randomized,1
1498,0.05,Randomized,1
1499,0.1,Randomized,1
1500,0.25,Randomized,0
1501,0.5,Randomized,0
1502,1.0,Randomized,0
1503,5.0,Randomized,0
1504,0.0,Naive,0
1505,0.025,Randomized,0
1506,0.05,Randomized,0
1507,0.1,Randomized,0
1508,0.25,Randomized,0
1509,0.5,Randomized,0
1510,1.0,Randomized,0
1511,5.0,Randomized,0
1512,0.0,Naive,1
1513,0.025,Randomized,1
1514,0.05,Randomized,1
1515,0.1,Randomized,1
1516,0.25,Randomized,1
1517,0.5,Randomized,0
1518,1.0,Randomized,0
1519,5.0,Randomized,0
1520,0.0,Naive,1
1521,0.025,Randomized,1
1522,0.05,Randomized,1
1523,0.1,Randomized,1
1524,0.25,Randomized,1
1525,0.5,Randomized,0
1526,1.0,Randomized,0
1527,5.0,Randomized,0
1528,0.0,Naive,0
1529,0.025,Randomized,0
1530,0.05,Randomized,0
1531,0.1,Randomized,0
1532,0.25,Randomized,0
1533,0.5,Randomized,1
1534,1.0,Randomized,0
1535,5.0,Randomized,0
1536,0.0,Naive,1
1537,0.025,Randomized,1
1538,0.05,Randomized,1
1539,0.1,Randomized,1
1540,0.25,Randomized,0
1541,0.5,Randomized,0
1542,1.0,Randomized,0
1543,5.0,Randomized,0
1544,0.0,Naive,1
1545,0.025,Randomized,1
1546,0.05,Randomized,1
1547,0.1,Randomized,1
1548,0.25,Randomized,0
1549,0.5,Randomized,0
1550,1.0,Randomized,0
1551,5.0,Randomized,0
1552,0.0,Naive,1
1553,0.025,Randomized,1
1554,0.05,Randomized,1
1555,0.1,Randomized,1
1556,0.25,Randomized,1
1557,0.5,Randomized,1
1558,1.0,Randomized,0
1559,5.0,Randomized,0
1560,0.0,Naive,1
1561,0.025,Randomized,1
1562,0.05,Randomized,1
1563,0.1,Randomized,0
1564,0.25,Randomized,0
1565,0.5,Randomized,0
1566,1.0,Randomized,0
1567,5.0,Randomized,0
1568,0.0,Naive,1
1569,0.025,Randomized,0
1570,0.05,Randomized,0
1571,0.1,Randomized,0
1572,0.25,Randomized,0
1573,0.5,Randomized,0
1574,1.0,Randomized,0
1575,5.0,Randomized,0
1576,0.0,Naive,1
1577,0.025,Randomized,1
1578,0.05,Randomized,1
1579,0.1,Randomized,1
1580,0.25,Randomized,0
1581,0.5,Randomized,0
1582,1.0,Randomized,0
1583,5.0,Randomized,0
1584,0.0,Naive,1
1585,0.025,Randomized,1
1586,0.05,Randomized,1
1587,0.1,Randomized,1
1588,0.25,Randomized,1
1589,0.5,Randomized,0
1590,1.0,Randomized,0
1591,5.0,Randomized,0
1592,0.0,Naive,1
1593,0.025,Randomized,1
1594,0.05,Randomized,1
1595,0.1,Randomized,1
1596,0.25,Randomized,1
1597,0.5,Randomized,0
1598,1.0,Randomized,0
1599,5.0,Randomized,0
1600,0.0,Naive,1
1601,0.025,Randomized,1
1602,0.05,Randomized,1
1603,0.1,Randomized,1
1604,0.25,Randomized,1
1605,0.5,Randomized,0
1606,1.0,Randomized,0
1607,5.0,Randomized,0
1608,0.0,Naive,0
1609,0.025,Randomized,0
1610,0.05,Randomized,0
1611,0.1,Randomized,0
1612,0.25,Randomized,0
1613,0.5,Randomized,0
1614,1.0,Randomized,0
1615,5.0,Randomized,0
1616,0.0,Naive,0
1617,0.025,Randomized,0
1618,0.05,Randomized,0
1619,0.1,Randomized,0
1620,0.25,Randomized,0
1621,0.5,Randomized,0
1622,1.0,Randomized,0
1623,5.0,Randomized,0
1624,0.0,Naive,1
1625,0.025,Randomized,1
1626,0.05,Randomized,1
1627,0.1,Randomized,1
1628,0.25,Randomized,0
1629,0.5,Randomized,0
1630,1.0,Randomized,0
1631,5.0,Randomized,0
1632,0.0,Naive,1
1633,0.025,Randomized,1
1634,0.05,Randomized,1
1635,0.1,Randomized,1
1636,0.25,Randomized,1
1637,0.5,Randomized,0
1638,1.0,Randomized,0
1639,5.0,Randomized,0
1640,0.0,Naive,1
1641,0.025,Randomized,1
1642,0.05,Randomized,1
1643,0.1,Randomized,1
1644,0.25,Randomized,0
1645,0.5,Randomized,0
1646,1.0,Randomized,0
1647,5.0,Randomized,0
1648,0.0,Naive,1
1649,0.025,Randomized,1
1650,0.05,Randomized,1
1651,0.1,Randomized,1
1652,0.25,Randomized,0
1653,0.5,Randomized,0
1654,1.0,Randomized,0
1655,5.0,Randomized,0
1656,0.0,Naive,1
1657,0.025,Randomized,1
1658,0.05,Randomized,1
1659,0.1,Randomized,1
1660,0.25,Randomized,1
1661,0.5,Randomized,1
1662,1.0,Randomized,0
1663,5.0,Randomized,0
1664,0.0,Naive,1
1665,0.025,Randomized,1
1666,0.05,Randomized,1
1667,0.1,Randomized,1
1668,0.25,Randomized,0
1669,0.5,Randomized,0
1670,1.0,Randomized,0
1671,5.0,Randomized,0
1672,0.0,Naive,1
1673,0.025,Randomized,1
1674,0.05,Randomized,1
1675,0.1,Randomized,0
1676,0.25,Randomized,1
1677,0.5,Randomized,0
1678,1.0,Randomized,0
1679,5.0,Randomized,0
1680,0.0,Naive,0
1681,0.025,Randomized,0
1682,0.05,Randomized,0
1683,0.1,Randomized,0
1684,0.25,Randomized,0
1685,0.5,Randomized,0
1686,1.0,Randomized,0
1687,5.0,Randomized,0
1688,0.0,Naive,1
1689,0.025,Randomized,1
1690,0.05,Randomized,1
1691,0.1,Randomized,1
1692,0.25,Randomized,1
1693,0.5,Randomized,0
1694,1.0,Randomized,0
1695,5.0,Randomized,0
1696,0.0,Naive,1
1697,0.025,Randomized,1
1698,0.05,Randomized,1
1699,0.1,Randomized,1
1700,0.25,Randomized,1
1701,0.5,Randomized,0
1702,1.0,Randomized,0
1703,5.0,Randomized,0
1704,0.0,Naive,1
1705,0.025,Randomized,1
1706,0.05,Randomized,1
1707,0.1,Randomized,1
1708,0.25,Randomized,0
1709,0.5,Randomized,0
1710,1.0,Randomized,0
1711,5.0,Randomized,0
1712,0.0,Naive,1
1713,0.025,Randomized,1
1714,0.05,Randomized,1
1715,0.1,Randomized,1
1716,0.25,Randomized,1
1717,0.5,Randomized,0
1718,1.0,Randomized,0
1719,5.0,Randomized,0
1720,0.0,Naive,1
1721,0.025,Randomized,1
1722,0.05,Randomized,1
1723,0.1,Randomized,1
1724,0.25,Randomized,1
1725,0.5,Randomized,0
1726,1.0,Randomized,0
1727,5.0,Randomized,0
1728,0.0,Naive,1
1729,0.025,Randomized,1
1730,0.05,Randomized,1
1731,0.1,Randomized,1
1732,0.25,Randomized,0
1733,0.5,Randomized,0
1734,1.0,Randomized,0
1735,5.0,Randomized,0
1736,0.0,Naive,1
1737,0.025,Randomized,1
1738,0.05,Randomized,0
1739,0.1,Randomized,0
1740,0.25,Randomized,0
1741,0.5,Randomized,0
1742,1.0,Randomized,0
1743,5.0,Randomized,0
1744,0.0,Naive,1
1745,0.025,Randomized,1
1746,0.05,Randomized,1
1747,0.1,Randomized,1
1748,0.25,Randomized,0
1749,0.5,Randomized,0
1750,1.0,Randomized,0
1751,5.0,Randomized,0
1752,0.0,Naive,0
1753,0.025,Randomized,0
1754,0.05,Randomized,0
1755,0.1,Randomized,0
1756,0.25,Randomized,0
1757,0.5,Randomized,0
1758,1.0,Randomized,0
1759,5.0,Randomized,0
1760,0.0,Naive,1
1761,0.025,Randomized,1
1762,0.05,Randomized,1
1763,0.1,Randomized,1
1764,0.25,Randomized,1
1765,0.5,Randomized,0
1766,1.0,Randomized,0
1767,5.0,Randomized,0
1768,0.0,Naive,1
1769,0.025,Randomized,1
1770,0.05,Randomized,1
1771,0.1,Randomized,1
1772,0.25,Randomized,1
1773,0.5,Randomized,1
1774,1.0,Randomized,0
1775,5.0,Randomized,0
1776,0.0,Naive,0
1777,0.025,Randomized,0
1778,0.05,Randomized,0
1779,0.1,Randomized,0
1780,0.25,Randomized,0
1781,0.5,Randomized,0
1782,1.0,Randomized,0
1783,5.0,Randomized,0
1784,0.0,Naive,1
1785,0.025,Randomized,1
1786,0.05,Randomized,1
1787,0.1,Randomized,1
1788,0.25,Randomized,1
1789,0.5,Randomized,0
1790,1.0,Randomized,0
1791,5.0,Randomized,0
1792,0.0,Naive,1
1793,0.025,Randomized,1
1794,0.05,Randomized,1
1795,0.1,Randomized,1
1796,0.25,Randomized,1
1797,0.5,Randomized,0
1798,1.0,Randomized,0
1799,5.0,Randomized,0
1800,0.0,Naive,1
1801,0.025,Randomized,1
1802,0.05,Randomized,1
1803,0.1,Randomized,1
1804,0.25,Randomized,0
1805,0.5,Randomized,0
1806,1.0,Randomized,0
1807,5.0,Randomized,0
1808,0.0,Naive,1
1809,0.025,Randomized,1
1810,0.05,Randomized,1
1811,0.1,Randomized,1
1812,0.25,Randomized,1
1813,0.5,Randomized,0
1814,1.0,Randomized,0
1815,5.0,Randomized,0
1816,0.0,Naive,1
1817,0.025,Randomized,1
1818,0.05,Randomized,1
1819,0.1,Randomized,1
1820,0.25,Randomized,0
1821,0.5,Randomized,0
1822,1.0,Randomized,0
1823,5.0,Randomized,0
1824,0.0,Naive,1
1825,0.025,Randomized,1
1826,0.05,Randomized,1
1827,0.1,Randomized,1
1828,0.25,Randomized,1
1829,0.5,Randomized,0
1830,1.0,Randomized,0
1831,5.0,Randomized,0
1832,0.0,Naive,1
1833,0.025,Randomized,1
1834,0.05,Randomized,1
1835,0.1,Randomized,1
1836,0.25,Randomized,1
1837,0.5,Randomized,1
1838,1.0,Randomized,0
1839,5.0,Randomized,0
1840,0.0,Naive,1
1841,0.025,Randomized,1
1842,0.05,Randomized,1
1843,0.1,Randomized,1
1844,0.25,Randomized,1
1845,0.5,Randomized,0
1846,1.0,Randomized,0
1847,5.0,Randomized,0
1848,0.0,Naive,0
1849,0.025,Randomized,0
1850,0.05,Randomized,0
1851,0.1,Randomized,0
1852,0.25,Randomized,0
1853,0.5,Randomized,0
1854,1.0,Randomized,0
1855,5.0,Randomized,0
1856,0.0,Naive,1
1857,0.025,Randomized,1
1858,0.05,Randomized,1
1859,0.1,Randomized,1
1860,0.25,Randomized,1
1861,0.5,Randomized,0
1862,1.0,Randomized,0
1863,5.0,Randomized,0
1864,0.0,Naive,1
1865,0.025,Randomized,1
1866,0.05,Randomized,1
1867,0.1,Randomized,1
1868,0.25,Randomized,1
1869,0.5,Randomized,0
1870,1.0,Randomized,0
1871,5.0,Randomized,0
1872,0.0,Naive,1
1873,0.025,Randomized,1
1874,0.05,Randomized,1
1875,0.1,Randomized,1
1876,0.25,Randomized,0
1877,0.5,Randomized,0
1878,1.0,Randomized,0
1879,5.0,Randomized,0
1880,0.0,Naive,1
1881,0.025,Randomized,0
1882,0.05,Randomized,0
1883,0.1,Randomized,0
1884,0.25,Randomized,0
1885,0.5,Randomized,0
1886,1.0,Randomized,0
1887,5.0,Randomized,0
1888,0.0,Naive,1
1889,0.025,Randomized,1
1890,0.05,Randomized,1
1891,0.1,Randomized,1
1892,0.25,Randomized,1
1893,0.5,Randomized,0
1894,1.0,Randomized,0
1895,5.0,Randomized,0
1896,0.0,Naive,1
1897,0.025,Randomized,1
1898,0.05,Randomized,1
1899,0.1,Randomized,1
1900,0.25,Randomized,0
1901,0.5,Randomized,0
1902,1.0,Randomized,0
1903,5.0,Randomized,0
1904,0.0,Naive,1
1905,0.025,Randomized,1
1906,0.05,Randomized,1
1907,0.1,Randomized,1
1908,0.25,Randomized,1
1909,0.5,Randomized,0
1910,1.0,Randomized,0
1911,5.0,Randomized,0
1912,0.0,Naive,1
1913,0.025,Randomized,1
1914,0.05,Randomized,1
1915,0.1,Randomized,1
1916,0.25,Randomized,1
1917,0.5,Randomized,0
1918,1.0,Randomized,0
1919,5.0,Randomized,0
1920,0.0,Naive,1
1921,0.025,Randomized,1
1922,0.05,Randomized,1
1923,0.1,Randomized,1
1924,0.25,Randomized,1
1925,0.5,Randomized,0
1926,1.0,Randomized,0
1927,5.0,Randomized,0
1928,0.0,Naive,1
1929,0.025,Randomized,1
1930,0.05,Randomized,1
1931,0.1,Randomized,1
1932,0.25,Randomized,1
1933,0.5,Randomized,0
1934,1.0,Randomized,0
1935,5.0,Randomized,0
1936,0.0,Naive,0
1937,0.025,Randomized,0
1938,0.05,Randomized,0
1939,0.1,Randomized,0
1940,0.25,Randomized,0
1941,0.5,Randomized,0
1942,1.0,Randomized,0
1943,5.0,Randomized,0
1944,0.0,Naive,1
1945,0.025,Randomized,1
1946,0.05,Randomized,1
1947,0.1,Randomized,1
1948,0.25,Randomized,1
1949,0.5,Randomized,0
1950,1.0,Randomized,0
1951,5.0,Randomized,0
1952,0.0,Naive,1
1953,0.025,Randomized,1
1954,0.05,Randomized,1
1955,0.1,Randomized,1
1956,0.25,Randomized,0
1957,0.5,Randomized,0
1958,1.0,Randomized,0
1959,5.0,Randomized,0
1960,0.0,Naive,1
1961,0.025,Randomized,1
1962,0.05,Randomized,1
1963,0.1,Randomized,1
1964,0.25,Randomized,1
1965,0.5,Randomized,0
1966,1.0,Randomized,0
1967,5.0,Randomized,0
1968,0.0,Naive,1
1969,0.025,Randomized,1
1970,0.05,Randomized,1
1971,0.1,Randomized,1
1972,0.25,Randomized,1
1973,0.5,Randomized,0
1974,1.0,Randomized,0
1975,5.0,Randomized,0
1976,0.0,Naive,0
1977,0.025,Randomized,0
1978,0.05,Randomized,0
1979,0.1,Randomized,1
1980,0.25,Randomized,1
1981,0.5,Randomized,1
1982,1.0,Randomized,0
1983,5.0,Randomized,0
1984,0.0,Naive,1
1985,0.025,Randomized,1
1986,0.05,Randomized,1
1987,0.1,Randomized,1
1988,0.25,Randomized,1
1989,0.5,Randomized,0
1990,1.0,Randomized,0
1991,5.0,Randomized,0
1992,0.0,Naive,1
1993,0.025,Randomized,1
1994,0.05,Randomized,1
1995,0.1,Randomized,1
1996,0.25,Randomized,1
1997,0.5,Randomized,0
1998,1.0,Randomized,0
1999,5.0,Randomized,0
2000,0.0,Naive,1
2001,0.025,Randomized,1
2002,0.05,Randomized,1
2003,0.1,Randomized,0
2004,0.25,Randomized,0
2005,0.5,Randomized,0
2006,1.0,Randomized,0
2007,5.0,Randomized,0
2008,0.0,Naive,1
2009,0.025,Randomized,1
2010,0.05,Randomized,1
2011,0.1,Randomized,1
2012,0.25,Randomized,1
2013,0.5,Randomized,0
2014,1.0,Randomized,0
2015,5.0,Randomized,0
2016,0.0,Naive,1
2017,0.025,Randomized,1
2018,0.05,Randomized,1
2019,0.1,Randomized,1
2020,0.25,Randomized,0
2021,0.5,Randomized,0
2022,1.0,Randomized,0
2023,5.0,Randomized,0
2024,0.0,Naive,1
2025,0.025,Randomized,1
2026,0.05,Randomized,1
2027,0.1,Randomized,1
2028,0.25,Randomized,0
2029,0.5,Randomized,0
2030,1.0,Randomized,0
2031,5.0,Randomized,0
2032,0.0,Naive,0
2033,0.025,Randomized,0
2034,0.05,Randomized,0
2035,0.1,Randomized,0
2036,0.25,Randomized,0
2037,0.5,Randomized,0
2038,1.0,Randomized,0
2039,5.0,Randomized,0
2040,0.0,Naive,1
2041,0.025,Randomized,1
2042,0.05,Randomized,1
2043,0.1,Randomized,1
2044,0.25,Randomized,0
2045,0.5,Randomized,0
2046,1.0,Randomized,0
2047,5.0,Randomized,0
2048,0.0,Naive,1
2049,0.025,Randomized,1
2050,0.05,Randomized,1
2051,0.1,Randomized,1
2052,0.25,Randomized,0
2053,0.5,Randomized,0
2054,1.0,Randomized,0
2055,5.0,Randomized,0
2056,0.0,Naive,1
2057,0.025,Randomized,1
2058,0.05,Randomized,1
2059,0.1,Randomized,1
2060,0.25,Randomized,1
2061,0.5,Randomized,0
2062,1.0,Randomized,0
2063,5.0,Randomized,0
2064,0.0,Naive,1
2065,0.025,Randomized,1
2066,0.05,Randomized,1
2067,0.1,Randomized,1
2068,0.25,Randomized,0
2069,0.5,Randomized,0
2070,1.0,Randomized,0
2071,5.0,Randomized,0
2072,0.0,Naive,0
2073,0.025,Randomized,0
2074,0.05,Randomized,0
2075,0.1,Randomized,1
2076,0.25,Randomized,0
2077,0.5,Randomized,0
2078,1.0,Randomized,0
2079,5.0,Randomized,0
2080,0.0,Naive,1
2081,0.025,Randomized,1
2082,0.05,Randomized,1
2083,0.1,Randomized,1
2084,0.25,Randomized,1
2085,0.5,Randomized,0
2086,1.0,Randomized,0
2087,5.0,Randomized,0
2088,0.0,Naive,1
2089,0.025,Randomized,1
2090,0.05,Randomized,1
2091,0.1,Randomized,1
2092,0.25,Randomized,0
2093,0.5,Randomized,0
2094,1.0,Randomized,0
2095,5.0,Randomized,0
2096,0.0,Naive,1
2097,0.025,Randomized,1
2098,0.05,Randomized,1
2099,0.1,Randomized,1
2100,0.25,Randomized,1
2101,0.5,Randomized,1
2102,1.0,Randomized,0
2103,5.0,Randomized,0
2104,0.0,Naive,0
2105,0.025,Randomized,0
2106,0.05,Randomized,0
2107,0.1,Randomized,0
2108,0.25,Randomized,0
2109,0.5,Randomized,0
2110,1.0,Randomized,0
2111,5.0,Randomized,0
2112,0.0,Naive,1
2113,0.025,Randomized,1
2114,0.05,Randomized,1
2115,0.1,Randomized,1
2116,0.25,Randomized,0
2117,0.5,Randomized,0
2118,1.0,Randomized,0
2119,5.0,Randomized,0
2120,0.0,Naive,1
2121,0.025,Randomized,1
2122,0.05,Randomized,1
2123,0.1,Randomized,1
2124,0.25,Randomized,0
2125,0.5,Randomized,0
2126,1.0,Randomized,0
2127,5.0,Randomized,0
2128,0.0,Naive,1
2129,0.025,Randomized,1
2130,0.05,Randomized,1
2131,0.1,Randomized,1
2132,0.25,Randomized,0
2133,0.5,Randomized,0
2134,1.0,Randomized,0
2135,5.0,Randomized,0
2136,0.0,Naive,1
2137,0.025,Randomized,1
2138,0.05,Randomized,1
2139,0.1,Randomized,1
2140,0.25,Randomized,1
2141,0.5,Randomized,0
2142,1.0,Randomized,0
2143,5.0,Randomized,0
2144,0.0,Naive,1
2145,0.025,Randomized,1
2146,0.05,Randomized,1
2147,0.1,Randomized,0
2148,0.25,Randomized,0
2149,0.5,Randomized,0
2150,1.0,Randomized,0
2151,5.0,Randomized,0
2152,0.0,Naive,0
2153,0.025,Randomized,1
2154,0.05,Randomized,1
2155,0.1,Randomized,0
2156,0.25,Randomized,0
2157,0.5,Randomized,0
2158,1.0,Randomized,0
2159,5.0,Randomized,0
2160,0.0,Naive,1
2161,0.025,Randomized,1
2162,0.05,Randomized,1
2163,0.1,Randomized,1
2164,0.25,Randomized,1
2165,0.5,Randomized,0
2166,1.0,Randomized,0
2167,5.0,Randomized,0
2168,0.0,Naive,1
2169,0.025,Randomized,1
2170,0.05,Randomized,1
2171,0.1,Randomized,1
2172,0.25,Randomized,0
2173,0.5,Randomized,0
2174,1.0,Randomized,0
2175,5.0,Randomized,0
2176,0.0,Naive,1
2177,0.025,Randomized,1
2178,0.05,Randomized,1
2179,0.1,Randomized,1
2180,0.25,Randomized,0
2181,0.5,Randomized,1
2182,1.0,Randomized,0
2183,5.0,Randomized,0
2184,0.0,Naive,1
2185,0.025,Randomized,1
2186,0.05,Randomized,1
2187,0.1,Randomized,1
2188,0.25,Randomized,1
2189,0.5,Randomized,0
2190,1.0,Randomized,0
2191,5.0,Randomized,0
2192,0.0,Naive,1
2193,0.025,Randomized,1
2194,0.05,Randomized,1
2195,0.1,Randomized,1
2196,0.25,Randomized,0
2197,0.5,Randomized,0
2198,1.0,Randomized,0
2199,5.0,Randomized,0
2200,0.0,Naive,1
2201,0.025,Randomized,1
2202,0.05,Randomized,1
2203,0.1,Randomized,1
2204,0.25,Randomized,1
2205,0.5,Randomized,0
2206,1.0,Randomized,0
2207,5.0,Randomized,0
2208,0.0,Naive,1
2209,0.025,Randomized,1
2210,0.05,Randomized,1
2211,0.1,Randomized,1
2212,0.25,Randomized,1
2213,0.5,Randomized,0
2214,1.0,Randomized,0
2215,5.0,Randomized,0
2216,0.0,Naive,1
2217,0.025,Randomized,1
2218,0.05,Randomized,1
2219,0.1,Randomized,1
2220,0.25,Randomized,0
2221,0.5,Randomized,0
2222,1.0,Randomized,0
2223,5.0,Randomized,0
2224,0.0,Naive,1
2225,0.025,Randomized,1
2226,0.05,Randomized,1
2227,0.1,Randomized,1
2228,0.25,Randomized,1
2229,0.5,Randomized,0
2230,1.0,Randomized,0
2231,5.0,Randomized,0
2232,0.0,Naive,1
2233,0.025,Randomized,1
2234,0.05,Randomized,1
2235,0.1,Randomized,1
2236,0.25,Randomized,0
2237,0.5,Randomized,0
2238,1.0,Randomized,0
2239,5.0,Randomized,0
2240,0.0,Naive,0
2241,0.025,Randomized,1
2242,0.05,Randomized,0
2243,0.1,Randomized,0
2244,0.25,Randomized,0
2245,0.5,Randomized,0
2246,1.0,Randomized,0
2247,5.0,Randomized,0
2248,0.0,Naive,1
2249,0.025,Randomized,1
2250,0.05,Randomized,1
2251,0.1,Randomized,1
2252,0.25,Randomized,1
2253,0.5,Randomized,0
2254,1.0,Randomized,0
2255,5.0,Randomized,0
2256,0.0,Naive,1
2257,0.025,Randomized,1
2258,0.05,Randomized,1
2259,0.1,Randomized,1
2260,0.25,Randomized,1
2261,0.5,Randomized,0
2262,1.0,Randomized,0
2263,5.0,Randomized,0
2264,0.0,Naive,1
2265,0.025,Randomized,1
2266,0.05,Randomized,1
2267,0.1,Randomized,0
2268,0.25,Randomized,0
2269,0.5,Randomized,0
2270,1.0,Randomized,0
2271,5.0,Randomized,0
2272,0.0,Naive,1
2273,0.025,Randomized,1
2274,0.05,Randomized,1
2275,0.1,Randomized,1
2276,0.25,Randomized,1
2277,0.5,Randomized,0
2278,1.0,Randomized,0
2279,5.0,Randomized,0
2280,0.0,Naive,1
2281,0.025,Randomized,1
2282,0.05,Randomized,1
2283,0.1,Randomized,1
2284,0.25,Randomized,1
2285,0.5,Randomized,0
2286,1.0,Randomized,0
2287,5.0,Randomized,0
2288,0.0,Naive,1
2289,0.025,Randomized,1
2290,0.05,Randomized,0
2291,0.1,Randomized,0
2292,0.25,Randomized,1
2293,0.5,Randomized,0
2294,1.0,Randomized,0
2295,5.0,Randomized,0
2296,0.0,Naive,1
2297,0.025,Randomized,1
2298,0.05,Randomized,1
2299,0.1,Randomized,1
2300,0.25,Randomized,0
2301,0.5,Randomized,0
2302,1.0,Randomized,0
2303,5.0,Randomized,0
2304,0.0,Naive,1
2305,0.025,Randomized,1
2306,0.05,Randomized,1
2307,0.1,Randomized,1
2308,0.25,Randomized,1
2309,0.5,Randomized,0
2310,1.0,Randomized,0
2311,5.0,Randomized,0
2312,0.0,Naive,1
2313,0.025,Randomized,1
2314,0.05,Randomized,1
2315,0.1,Randomized,1
2316,0.25,Randomized,0
2317,0.5,Randomized,0
2318,1.0,Randomized,0
2319,5.0,Randomized,0
2320,0.0,Naive,1
2321,0.025,Randomized,1
2322,0.05,Randomized,1
2323,0.1,Randomized,1
2324,0.25,Randomized,1
2325,0.5,Randomized,0
2326,1.0,Randomized,0
2327,5.0,Randomized,0
2328,0.0,Naive,1
2329,0.025,Randomized,1
2330,0.05,Randomized,1
2331,0.1,Randomized,0
2332,0.25,Randomized,1
2333,0.5,Randomized,0
2334,1.0,Randomized,0
2335,5.0,Randomized,0
2336,0.0,Naive,1
2337,0.025,Randomized,1
2338,0.05,Randomized,1
2339,0.1,Randomized,1
2340,0.25,Randomized,0
2341,0.5,Randomized,0
2342,1.0,Randomized,0
2343,5.0,Randomized,0
2344,0.0,Naive,1
2345,0.025,Randomized,1
2346,0.05,Randomized,1
2347,0.1,Randomized,1
2348,0.25,Randomized,1
2349,0.5,Randomized,0
2350,1.0,Randomized,0
2351,5.0,Randomized,0
2352,0.0,Naive,1
2353,0.025,Randomized,1
2354,0.05,Randomized,1
2355,0.1,Randomized,1
2356,0.25,Randomized,1
2357,0.5,Randomized,0
2358,1.0,Randomized,0
2359,5.0,Randomized,0
2360,0.0,Naive,1
2361,0.025,Randomized,1
2362,0.05,Randomized,1
2363,0.1,Randomized,1
2364,0.25,Randomized,1
2365,0.5,Randomized,0
2366,1.0,Randomized,0
2367,5.0,Randomized,0
2368,0.0,Naive,1
2369,0.025,Randomized,1
2370,0.05,Randomized,1
2371,0.1,Randomized,1
2372,0.25,Randomized,0
2373,0.5,Randomized,1
2374,1.0,Randomized,0
2375,5.0,Randomized,0
2376,0.0,Naive,1
2377,0.025,Randomized,1
2378,0.05,Randomized,1
2379,0.1,Randomized,1
2380,0.25,Randomized,0
2381,0.5,Randomized,0
2382,1.0,Randomized,0
2383,5.0,Randomized,0
2384,0.0,Naive,1
2385,0.025,Randomized,1
2386,0.05,Randomized,1
2387,0.1,Randomized,1
2388,0.25,Randomized,1
2389,0.5,Randomized,0
2390,1.0,Randomized,0
2391,5.0,Randomized,0
2392,0.0,Naive,1
2393,0.025,Randomized,1
2394,0.05,Randomized,1
2395,0.1,Randomized,1
2396,0.25,Randomized,1
2397,0.5,Randomized,0
2398,1.0,Randomized,0
2399,5.0,Randomized,0
2400,0.0,Naive,1
2401,0.025,Randomized,1
2402,0.05,Randomized,1
2403,0.1,Randomized,1
2404,0.25,Randomized,0
2405,0.5,Randomized,0
2406,1.0,Randomized,0
2407,5.0,Randomized,0
2408,0.0,Naive,1
2409,0.025,Randomized,1
2410,0.05,Randomized,1
2411,0.1,Randomized,1
2412,0.25,Randomized,0
2413,0.5,Randomized,0
2414,1.0,Randomized,0
2415,5.0,Randomized,0
2416,0.0,Naive,1
2417,0.025,Randomized,1
2418,0.05,Randomized,1
2419,0.1,Randomized,1
2420,0.25,Randomized,0
2421,0.5,Randomized,0
2422,1.0,Randomized,0
2423,5.0,Randomized,0
2424,0.0,Naive,1
2425,0.025,Randomized,1
2426,0.05,Randomized,1
2427,0.1,Randomized,1
2428,0.25,Randomized,0
2429,0.5,Randomized,0
2430,1.0,Randomized,0
2431,5.0,Randomized,0
2432,0.0,Naive,1
2433,0.025,Randomized,1
2434,0.05,Randomized,1
2435,0.1,Randomized,1
2436,0.25,Randomized,0
2437,0.5,Randomized,0
2438,1.0,Randomized,0
2439,5.0,Randomized,0
2440,0.0,Naive,1
2441,0.025,Randomized,1
2442,0.05,Randomized,1
2443,0.1,Randomized,1
2444,0.25,Randomized,0
2445,0.5,Randomized,0
2446,1.0,Randomized,0
2447,5.0,Randomized,0
2448,0.0,Naive,1
2449,0.025,Randomized,1
2450,0.05,Randomized,1
2451,0.1,Randomized,1
2452,0.25,Randomized,1
2453,0.5,Randomized,0
2454,1.0,Randomized,0
2455,5.0,Randomized,0
2456,0.0,Naive,1
2457,0.025,Randomized,1
2458,0.05,Randomized,1
2459,0.1,Randomized,1
2460,0.25,Randomized,1
2461,0.5,Randomized,0
2462,1.0,Randomized,0
2463,5.0,Randomized,0
2464,0.0,Naive,1
2465,0.025,Randomized,1
2466,0.05,Randomized,1
2467,0.1,Randomized,0
2468,0.25,Randomized,1
2469,0.5,Randomized,0
2470,1.0,Randomized,0
2471,5.0,Randomized,0
2472,0.0,Naive,0
2473,0.025,Randomized,0
2474,0.05,Randomized,0
2475,0.1,Randomized,1
2476,0.25,Randomized,1
2477,0.5,Randomized,0
2478,1.0,Randomized,0
2479,5.0,Randomized,0
2480,0.0,Naive,1
2481,0.025,Randomized,1
2482,0.05,Randomized,1
2483,0.1,Randomized,1
2484,0.25,Randomized,1
2485,0.5,Randomized,0
2486,1.0,Randomized,0
2487,5.0,Randomized,0
2488,0.0,Naive,1
2489,0.025,Randomized,1
2490,0.05,Randomized,1
2491,0.1,Randomized,1
2492,0.25,Randomized,1
2493,0.5,Randomized,0
2494,1.0,Randomized,0
2495,5.0,Randomized,0
2496,0.0,Naive,1
2497,0.025,Randomized,1
2498,0.05,Randomized,1
2499,0.1,Randomized,1
2500,0.25,Randomized,1
2501,0.5,Randomized,1
2502,1.0,Randomized,0
2503,5.0,Randomized,0
2504,0.0,Naive,1
2505,0.025,Randomized,1
2506,0.05,Randomized,1
2507,0.1,Randomized,1
2508,0.25,Randomized,0
2509,0.5,Randomized,1
2510,1.0,Randomized,0
2511,5.0,Randomized,0
2512,0.0,Naive,1
2513,0.025,Randomized,1
2514,0.05,Randomized,1
2515,0.1,Randomized,1
2516,0.25,Randomized,1
2517,0.5,Randomized,0
2518,1.0,Randomized,0
2519,5.0,Randomized,0
2520,0.0,Naive,1
2521,0.025,Randomized,1
2522,0.05,Randomized,1
2523,0.1,Randomized,1
2524,0.25,Randomized,1
2525,0.5,Randomized,0
2526,1.0,Randomized,0
2527,5.0,Randomized,0
2528,0.0,Naive,0
2529,0.025,Randomized,0
2530,0.05,Randomized,0
2531,0.1,Randomized,0
2532,0.25,Randomized,1
2533,0.5,Randomized,0
2534,1.0,Randomized,0
2535,5.0,Randomized,0
2536,0.0,Naive,1
2537,0.025,Randomized,1
2538,0.05,Randomized,1
2539,0.1,Randomized,1
2540,0.25,Randomized,1
2541,0.5,Randomized,0
2542,1.0,Randomized,0
2543,5.0,Randomized,0
2544,0.0,Naive,1
2545,0.025,Randomized,1
2546,0.05,Randomized,1
2547,0.1,Randomized,0
2548,0.25,Randomized,0
2549,0.5,Randomized,0
2550,1.0,Randomized,0
2551,5.0,Randomized,0
2552,0.0,Naive,1
2553,0.025,Randomized,0
2554,0.05,Randomized,0
2555,0.1,Randomized,0
2556,0.25,Randomized,0
2557,0.5,Randomized,0
2558,1.0,Randomized,0
2559,5.0,Randomized,0
2560,0.0,Naive,1
2561,0.025,Randomized,1
2562,0.05,Randomized,1
2563,0.1,Randomized,1
2564,0.25,Randomized,0
2565,0.5,Randomized,0
2566,1.0,Randomized,0
2567,5.0,Randomized,0
2568,0.0,Naive,1
2569,0.025,Randomized,1
2570,0.05,Randomized,1
2571,0.1,Randomized,1
2572,0.25,Randomized,0
2573,0.5,Randomized,0
2574,1.0,Randomized,0
2575,5.0,Randomized,0
2576,0.0,Naive,1
2577,0.025,Randomized,1
2578,0.05,Randomized,1
2579,0.1,Randomized,0
2580,0.25,Randomized,0
2581,0.5,Randomized,0
2582,1.0,Randomized,0
2583,5.0,Randomized,0
2584,0.0,Naive,1
2585,0.025,Randomized,1
2586,0.05,Randomized,1
2587,0.1,Randomized,1
2588,0.25,Randomized,0
2589,0.5,Randomized,0
2590,1.0,Randomized,0
2591,5.0,Randomized,0
2592,0.0,Naive,1
2593,0.025,Randomized,1
2594,0.05,Randomized,1
2595,0.1,Randomized,1
2596,0.25,Randomized,0
2597,0.5,Randomized,0
2598,1.0,Randomized,0
2599,5.0,Randomized,0
2600,0.0,Naive,1
2601,0.025,Randomized,1
2602,0.05,Randomized,1
2603,0.1,Randomized,1
2604,0.25,Randomized,0
2605,0.5,Randomized,0
2606,1.0,Randomized,0
2607,5.0,Randomized,0
2608,0.0,Naive,1
2609,0.025,Randomized,1
2610,0.05,Randomized,1
2611,0.1,Randomized,1
2612,0.25,Randomized,0
2613,0.5,Randomized,0
2614,1.0,Randomized,0
2615,5.0,Randomized,0
2616,0.0,Naive,1
2617,0.025,Randomized,1
2618,0.05,Randomized,1
2619,0.1,Randomized,1
2620,0.25,Randomized,0
2621,0.5,Randomized,0
2622,1.0,Randomized,0
2623,5.0,Randomized,0
2624,0.0,Naive,1
2625,0.025,Randomized,1
2626,0.05,Randomized,1
2627,0.1,Randomized,0
2628,0.25,Randomized,0
2629,0.5,Randomized,0
2630,1.0,Randomized,0
2631,5.0,Randomized,0
2632,0.0,Naive,0
2633,0.025,Randomized,0
2634,0.05,Randomized,0
2635,0.1,Randomized,0
2636,0.25,Randomized,0
2637,0.5,Randomized,0
2638,1.0,Randomized,0
2639,5.0,Randomized,0
2640,0.0,Naive,1
2641,0.025,Randomized,1
2642,0.05,Randomized,1
2643,0.1,Randomized,1
2644,0.25,Randomized,1
2645,0.5,Randomized,0
2646,1.0,Randomized,0
2647,5.0,Randomized,0
2648,0.0,Naive,1
2649,0.025,Randomized,1
2650,0.05,Randomized,1
2651,0.1,Randomized,1
2652,0.25,Randomized,1
2653,0.5,Randomized,0
2654,1.0,Randomized,0
2655,5.0,Randomized,0
2656,0.0,Naive,1
2657,0.025,Randomized,1
2658,0.05,Randomized,1
2659,0.1,Randomized,1
2660,0.25,Randomized,1
2661,0.5,Randomized,0
2662,1.0,Randomized,0
2663,5.0,Randomized,0
2664,0.0,Naive,1
2665,0.025,Randomized,1
2666,0.05,Randomized,0
2667,0.1,Randomized,0
2668,0.25,Randomized,0
2669,0.5,Randomized,0
2670,1.0,Randomized,0
2671,5.0,Randomized,0
2672,0.0,Naive,1
2673,0.025,Randomized,1
2674,0.05,Randomized,1
2675,0.1,Randomized,1
2676,0.25,Randomized,0
2677,0.5,Randomized,0
2678,1.0,Randomized,0
2679,5.0,Randomized,0
2680,0.0,Naive,1
2681,0.025,Randomized,1
2682,0.05,Randomized,1
2683,0.1,Randomized,1
2684,0.25,Randomized,1
2685,0.5,Randomized,0
2686,1.0,Randomized,0
2687,5.0,Randomized,0
2688,0.0,Naive,1
2689,0.025,Randomized,1
2690,0.05,Randomized,1
2691,0.1,Randomized,1
2692,0.25,Randomized,1
2693,0.5,Randomized,0
2694,1.0,Randomized,0
2695,5.0,Randomized,0
2696,0.0,Naive,1
2697,0.025,Randomized,1
2698,0.05,Randomized,1
2699,0.1,Randomized,0
2700,0.25,Randomized,0
2701,0.5,Randomized,1
2702,1.0,Randomized,0
2703,5.0,Randomized,0
2704,0.0,Naive,1
2705,0.025,Randomized,1
2706,0.05,Randomized,1
2707,0.1,Randomized,1
2708,0.25,Randomized,0
2709,0.5,Randomized,1
2710,1.0,Randomized,0
2711,5.0,Randomized,0
2712,0.0,Naive,1
2713,0.025,Randomized,1
2714,0.05,Randomized,1
2715,0.1,Randomized,1
2716,0.25,Randomized,1
2717,0.5,Randomized,0
2718,1.0,Randomized,0
2719,5.0,Randomized,0
2720,0.0,Naive,1
2721,0.025,Randomized,1
2722,0.05,Randomized,1
2723,0.1,Randomized,1
2724,0.25,Randomized,1
2725,0.5,Randomized,0
2726,1.0,Randomized,0
2727,5.0,Randomized,0
2728,0.0,Naive,1
2729,0.025,Randomized,1
2730,0.05,Randomized,1
2731,0.1,Randomized,1
2732,0.25,Randomized,0
2733,0.5,Randomized,1
2734,1.0,Randomized,0
2735,5.0,Randomized,0
2736,0.0,Naive,1
2737,0.025,Randomized,1
2738,0.05,Randomized,1
2739,0.1,Randomized,1
2740,0.25,Randomized,1
2741,0.5,Randomized,0
2742,1.0,Randomized,0
2743,5.0,Randomized,0
2744,0.0,Naive,0
2745,0.025,Randomized,0
2746,0.05,Randomized,1
2747,0.1,Randomized,0
2748,0.25,Randomized,0
2749,0.5,Randomized,0
2750,1.0,Randomized,0
2751,5.0,Randomized,0
2752,0.0,Naive,1
2753,0.025,Randomized,1
2754,0.05,Randomized,1
2755,0.1,Randomized,0
2756,0.25,Randomized,0
2757,0.5,Randomized,0
2758,1.0,Randomized,0
2759,5.0,Randomized,0
2760,0.0,Naive,1
2761,0.025,Randomized,1
2762,0.05,Randomized,1
2763,0.1,Randomized,1
2764,0.25,Randomized,1
2765,0.5,Randomized,0
2766,1.0,Randomized,0
2767,5.0,Randomized,0
2768,0.0,Naive,1
2769,0.025,Randomized,1
2770,0.05,Randomized,1
2771,0.1,Randomized,1
2772,0.25,Randomized,0
2773,0.5,Randomized,0
2774,1.0,Randomized,0
2775,5.0,Randomized,0
2776,0.0,Naive,1
2777,0.025,Randomized,1
2778,0.05,Randomized,1
2779,0.1,Randomized,1
2780,0.25,Randomized,1
2781,0.5,Randomized,0
2782,1.0,Randomized,0
2783,5.0,Randomized,0
2784,0.0,Naive,1
2785,0.025,Randomized,1
2786,0.05,Randomized,1
2787,0.1,Randomized,0
2788,0.25,Randomized,0
2789,0.5,Randomized,1
2790,1.0,Randomized,0
2791,5.0,Randomized,0
2792,0.0,Naive,1
2793,0.025,Randomized,1
2794,0.05,Randomized,1
2795,0.1,Randomized,1
2796,0.25,Randomized,1
2797,0.5,Randomized,0
2798,1.0,Randomized,0
2799,5.0,Randomized,0
2800,0.0,Naive,1
2801,0.025,Randomized,1
2802,0.05,Randomized,1
2803,0.1,Randomized,0
2804,0.25,Randomized,0
2805,0.5,Randomized,0
2806,1.0,Randomized,0
2807,5.0,Randomized,0
2808,0.0,Naive,1
2809,0.025,Randomized,1
2810,0.05,Randomized,1
2811,0.1,Randomized,1
2812,0.25,Randomized,1
2813,0.5,Randomized,0
2814,1.0,Randomized,0
2815,5.0,Randomized,0
2816,0.0,Naive,1
2817,0.025,Randomized,1
2818,0.05,Randomized,1
2819,0.1,Randomized,1
2820,0.25,Randomized,0
2821,0.5,Randomized,0
2822,1.0,Randomized,0
2823,5.0,Randomized,0
2824,0.0,Naive,1
2825,0.025,Randomized,1
2826,0.05,Randomized,1
2827,0.1,Randomized,1
2828,0.25,Randomized,1
2829,0.5,Randomized,0
2830,1.0,Randomized,0
2831,5.0,Randomized,0
2832,0.0,Naive,1
2833,0.025,Randomized,1
2834,0.05,Randomized,1
2835,0.1,Randomized,1
2836,0.25,Randomized,0
2837,0.5,Randomized,0
2838,1.0,Randomized,0
2839,5.0,Randomized,0
2840,0.0,Naive,1
2841,0.025,Randomized,1
2842,0.05,Randomized,1
2843,0.1,Randomized,1
2844,0.25,Randomized,1
2845,0.5,Randomized,0
2846,1.0,Randomized,0
2847,5.0,Randomized,0
2848,0.0,Naive,1
2849,0.025,Randomized,1
2850,0.05,Randomized,1
2851,0.1,Randomized,1
2852,0.25,Randomized,0
2853,0.5,Randomized,0
2854,1.0,Randomized,0
2855,5.0,Randomized,0
2856,0.0,Naive,0
2857,0.025,Randomized,0
2858,0.05,Randomized,0
2859,0.1,Randomized,0
2860,0.25,Randomized,0
2861,0.5,Randomized,0
2862,1.0,Randomized,0
2863,5.0,Randomized,0
2864,0.0,Naive,1
2865,0.025,Randomized,1
2866,0.05,Randomized,1
2867,0.1,Randomized,1
2868,0.25,Randomized,0
2869,0.5,Randomized,0
2870,1.0,Randomized,0
2871,5.0,Randomized,0
2872,0.0,Naive,1
2873,0.025,Randomized,1
2874,0.05,Randomized,1
2875,0.1,Randomized,0
2876,0.25,Randomized,0
2877,0.5,Randomized,0
2878,1.0,Randomized,0
2879,5.0,Randomized,0
2880,0.0,Naive,1
2881,0.025,Randomized,0
2882,0.05,Randomized,0
2883,0.1,Randomized,0
2884,0.25,Randomized,0
2885,0.5,Randomized,0
2886,1.0,Randomized,0
2887,5.0,Randomized,0
2888,0.0,Naive,1
2889,0.025,Randomized,1
2890,0.05,Randomized,1
2891,0.1,Randomized,0
2892,0.25,Randomized,0
2893,0.5,Randomized,0
2894,1.0,Randomized,0
2895,5.0,Randomized,0
2896,0.0,Naive,1
2897,0.025,Randomized,0
2898,0.05,Randomized,0
2899,0.1,Randomized,0
2900,0.25,Randomized,0
2901,0.5,Randomized,0
2902,1.0,Randomized,0
2903,5.0,Randomized,0
2904,0.0,Naive,1
2905,0.025,Randomized,1
2906,0.05,Randomized,1
2907,0.1,Randomized,1
2908,0.25,Randomized,1
2909,0.5,Randomized,0
2910,1.0,Randomized,0
2911,5.0,Randomized,0
2912,0.0,Naive,1
2913,0.025,Randomized,1
2914,0.05,Randomized,1
2915,0.1,Randomized,1
2916,0.25,Randomized,0
2917,0.5,Randomized,0
2918,1.0,Randomized,0
2919,5.0,Randomized,0
2920,0.0,Naive,1
2921,0.025,Randomized,1
2922,0.05,Randomized,1
2923,0.1,Randomized,1
2924,0.25,Randomized,0
2925,0.5,Randomized,1
2926,1.0,Randomized,0
2927,5.0,Randomized,0
2928,0.0,Naive,1
2929,0.025,Randomized,1
2930,0.05,Randomized,1
2931,0.1,Randomized,1
2932,0.25,Randomized,1
2933,0.5,Randomized,0
2934,1.0,Randomized,0
2935,5.0,Randomized,0
2936,0.0,Naive,1
2937,0.025,Randomized,1
2938,0.05,Randomized,1
2939,0.1,Randomized,1
2940,0.25,Randomized,1
2941,0.5,Randomized,0
2942,1.0,Randomized,0
2943,5.0,Randomized,0
2944,0.0,Naive,1
2945,0.025,Randomized,1
2946,0.05,Randomized,1
2947,0.1,Randomized,1
2948,0.25,Randomized,0
2949,0.5,Randomized,0
2950,1.0,Randomized,0
2951,5.0,Randomized,0
2952,0.0,Naive,1
2953,0.025,Randomized,1
2954,0.05,Randomized,1
2955,0.1,Randomized,1
2956,0.25,Randomized,0
2957,0.5,Randomized,0
2958,1.0,Randomized,0
2959,5.0,Randomized,0
2960,0.0,Naive,1
2961,0.025,Randomized,1
2962,0.05,Randomized,1
2963,0.1,Randomized,1
2964,0.25,Randomized,1
2965,0.5,Randomized,0
2966,1.0,Randomized,0
2967,5.0,Randomized,0
2968,0.0,Naive,0
2969,0.025,Randomized,0
2970,0.05,Randomized,0
2971,0.1,Randomized,0
2972,0.25,Randomized,0
2973,0.5,Randomized,0
2974,1.0,Randomized,0
2975,5.0,Randomized,0
2976,0.0,Naive,1
2977,0.025,Randomized,1
2978,0.05,Randomized,1
2979,0.1,Randomized,1
2980,0.25,Randomized,0
2981,0.5,Randomized,0
2982,1.0,Randomized,0
2983,5.0,Randomized,0
2984,0.0,Naive,1
2985,0.025,Randomized,1
2986,0.05,Randomized,1
2987,0.1,Randomized,1
2988,0.25,Randomized,1
2989,0.5,Randomized,0
2990,1.0,Randomized,0
2991,5.0,Randomized,0
2992,0.0,Naive,1
2993,0.025,Randomized,1
2994,0.05,Randomized,1
2995,0.1,Randomized,1
2996,0.25,Randomized,1
2997,0.5,Randomized,0
2998,1.0,Randomized,0
2999,5.0,Randomized,0
3000,0.0,Naive,1
3001,0.025,Randomized,1
3002,0.05,Randomized,1
3003,0.1,Randomized,0
3004,0.25,Randomized,0
3005,0.5,Randomized,0
3006,1.0,Randomized,0
3007,5.0,Randomized,0
3008,0.0,Naive,0
3009,0.025,Randomized,0
3010,0.05,Randomized,0
3011,0.1,Randomized,0
3012,0.25,Randomized,0
3013,0.5,Randomized,0
3014,1.0,Randomized,0
3015,5.0,Randomized,0
3016,0.0,Naive,1
3017,0.025,Randomized,1
3018,0.05,Randomized,1
3019,0.1,Randomized,1
3020,0.25,Randomized,0
3021,0.5,Randomized,0
3022,1.0,Randomized,0
3023,5.0,Randomized,0
3024,0.0,Naive,1
3025,0.025,Randomized,1
3026,0.05,Randomized,1
3027,0.1,Randomized,1
3028,0.25,Randomized,0
3029,0.5,Randomized,0
3030,1.0,Randomized,0
3031,5.0,Randomized,0
3032,0.0,Naive,1
3033,0.025,Randomized,1
3034,0.05,Randomized,1
3035,0.1,Randomized,1
3036,0.25,Randomized,1
3037,0.5,Randomized,0
3038,1.0,Randomized,0
3039,5.0,Randomized,0
3040,0.0,Naive,1
3041,0.025,Randomized,1
3042,0.05,Randomized,1
3043,0.1,Randomized,1
3044,0.25,Randomized,1
3045,0.5,Randomized,1
3046,1.0,Randomized,0
3047,5.0,Randomized,0
3048,0.0,Naive,1
3049,0.025,Randomized,1
3050,0.05,Randomized,1
3051,0.1,Randomized,1
3052,0.25,Randomized,0
3053,0.5,Randomized,0
3054,1.0,Randomized,0
3055,5.0,Randomized,0
3056,0.0,Naive,1
3057,0.025,Randomized,1
3058,0.05,Randomized,1
3059,0.1,Randomized,1
3060,0.25,Randomized,1
3061,0.5,Randomized,0
3062,1.0,Randomized,0
3063,5.0,Randomized,0
3064,0.0,Naive,1
3065,0.025,Randomized,1
3066,0.05,Randomized,1
3067,0.1,Randomized,1
3068,0.25,Randomized,1
3069,0.5,Randomized,0
3070,1.0,Randomized,0
3071,5.0,Randomized,0
3072,0.0,Naive,1
3073,0.025,Randomized,1
3074,0.05,Randomized,1
3075,0.1,Randomized,1
3076,0.25,Randomized,1
3077,0.5,Randomized,0
3078,1.0,Randomized,0
3079,5.0,Randomized,0
3080,0.0,Naive,1
3081,0.025,Randomized,1
3082,0.05,Randomized,1
3083,0.1,Randomized,1
3084,0.25,Randomized,1
3085,0.5,Randomized,0
3086,1.0,Randomized,0
3087,5.0,Randomized,0
3088,0.0,Naive,0
3089,0.025,Randomized,0
3090,0.05,Randomized,0
3091,0.1,Randomized,0
3092,0.25,Randomized,0
3093,0.5,Randomized,0
3094,1.0,Randomized,0
3095,5.0,Randomized,0
3096,0.0,Naive,1
3097,0.025,Randomized,1
3098,0.05,Randomized,1
3099,0.1,Randomized,1
3100,0.25,Randomized,1
3101,0.5,Randomized,0
3102,1.0,Randomized,0
3103,5.0,Randomized,0
3104,0.0,Naive,1
3105,0.025,Randomized,1
3106,0.05,Randomized,1
3107,0.1,Randomized,1
3108,0.25,Randomized,0
3109,0.5,Randomized,0
3110,1.0,Randomized,0
3111,5.0,Randomized,0
3112,0.0,Naive,1
3113,0.025,Randomized,1
3114,0.05,Randomized,1
3115,0.1,Randomized,1
3116,0.25,Randomized,1
3117,0.5,Randomized,0
3118,1.0,Randomized,0
3119,5.0,Randomized,0
3120,0.0,Naive,1
3121,0.025,Randomized,1
3122,0.05,Randomized,1
3123,0.1,Randomized,1
3124,0.25,Randomized,0
3125,0.5,Randomized,0
3126,1.0,Randomized,0
3127,5.0,Randomized,0
3128,0.0,Naive,1
3129,0.025,Randomized,1
3130,0.05,Randomized,1
3131,0.1,Randomized,1
3132,0.25,Randomized,1
3133,0.5,Randomized,0
3134,1.0,Randomized,0
3135,5.0,Randomized,0
3136,0.0,Naive,1
3137,0.025,Randomized,1
3138,0.05,Randomized,1
3139,0.1,Randomized,0
3140,0.25,Randomized,0
3141,0.5,Randomized,0
3142,1.0,Randomized,0
3143,5.0,Randomized,0
3144,0.0,Naive,1
3145,0.025,Randomized,1
3146,0.05,Randomized,1
3147,0.1,Randomized,1
3148,0.25,Randomized,1
3149,0.5,Randomized,0
3150,1.0,Randomized,0
3151,5.0,Randomized,0
3152,0.0,Naive,1
3153,0.025,Randomized,1
3154,0.05,Randomized,1
3155,0.1,Randomized,1
3156,0.25,Randomized,1
3157,0.5,Randomized,0
3158,1.0,Randomized,1
3159,5.0,Randomized,0
3160,0.0,Naive,1
3161,0.025,Randomized,1
3162,0.05,Randomized,1
3163,0.1,Randomized,1
3164,0.25,Randomized,1
3165,0.5,Randomized,0
3166,1.0,Randomized,0
3167,5.0,Randomized,0
3168,0.0,Naive,0
3169,0.025,Randomized,0
3170,0.05,Randomized,0
3171,0.1,Randomized,0
3172,0.25,Randomized,0
3173,0.5,Randomized,0
3174,1.0,Randomized,0
3175,5.0,Randomized,0
3176,0.0,Naive,0
3177,0.025,Randomized,0
3178,0.05,Randomized,0
3179,0.1,Randomized,0
3180,0.25,Randomized,0
3181,0.5,Randomized,0
3182,1.0,Randomized,0
3183,5.0,Randomized,0
3184,0.0,Naive,0
3185,0.025,Randomized,0
3186,0.05,Randomized,0
3187,0.1,Randomized,1
3188,0.25,Randomized,0
3189,0.5,Randomized,0
3190,1.0,Randomized,0
3191,5.0,Randomized,0
3192,0.0,Naive,1
3193,0.025,Randomized,1
3194,0.05,Randomized,1
3195,0.1,Randomized,1
3196,0.25,Randomized,1
3197,0.5,Randomized,0
3198,1.0,Randomized,0
3199,5.0,Randomized,0
3200,0.0,Naive,1
3201,0.025,Randomized,1
3202,0.05,Randomized,1
3203,0.1,Randomized,1
3204,0.25,Randomized,0
3205,0.5,Randomized,0
3206,1.0,Randomized,0
3207,5.0,Randomized,0
3208,0.0,Naive,1
3209,0.025,Randomized,1
3210,0.05,Randomized,1
3211,0.1,Randomized,1
3212,0.25,Randomized,1
3213,0.5,Randomized,0
3214,1.0,Randomized,0
3215,5.0,Randomized,0
3216,0.0,Naive,1
3217,0.025,Randomized,1
3218,0.05,Randomized,1
3219,0.1,Randomized,1
3220,0.25,Randomized,0
3221,0.5,Randomized,0
3222,1.0,Randomized,0
3223,5.0,Randomized,0
3224,0.0,Naive,1
3225,0.025,Randomized,1
3226,0.05,Randomized,1
3227,0.1,Randomized,1
3228,0.25,Randomized,1
3229,0.5,Randomized,0
3230,1.0,Randomized,0
3231,5.0,Randomized,0
3232,0.0,Naive,1
3233,0.025,Randomized,1
3234,0.05,Randomized,1
3235,0.1,Randomized,1
3236,0.25,Randomized,0
3237,0.5,Randomized,1
3238,1.0,Randomized,0
3239,5.0,Randomized,0
3240,0.0,Naive,1
3241,0.025,Randomized,1
3242,0.05,Randomized,1
3243,0.1,Randomized,1
3244,0.25,Randomized,1
3245,0.5,Randomized,0
3246,1.0,Randomized,0
3247,5.0,Randomized,0
3248,0.0,Naive,1
3249,0.025,Randomized,0
3250,0.05,Randomized,1
3251,0.1,Randomized,0
3252,0.25,Randomized,0
3253,0.5,Randomized,0
3254,1.0,Randomized,0
3255,5.0,Randomized,0
3256,0.0,Naive,1
3257,0.025,Randomized,1
3258,0.05,Randomized,1
3259,0.1,Randomized,1
3260,0.25,Randomized,0
3261,0.5,Randomized,0
3262,1.0,Randomized,0
3263,5.0,Randomized,0
3264,0.0,Naive,1
3265,0.025,Randomized,1
3266,0.05,Randomized,1
3267,0.1,Randomized,1
3268,0.25,Randomized,1
3269,0.5,Randomized,0
3270,1.0,Randomized,0
3271,5.0,Randomized,0
3272,0.0,Naive,1
3273,0.025,Randomized,1
3274,0.05,Randomized,1
3275,0.1,Randomized,1
3276,0.25,Randomized,1
3277,0.5,Randomized,0
3278,1.0,Randomized,0
3279,5.0,Randomized,0
3280,0.0,Naive,0
3281,0.025,Randomized,1
3282,0.05,Randomized,1
3283,0.1,Randomized,1
3284,0.25,Randomized,0
3285,0.5,Randomized,1
3286,1.0,Randomized,0
3287,5.0,Randomized,0
3288,0.0,Naive,1
3289,0.025,Randomized,1
3290,0.05,Randomized,1
3291,0.1,Randomized,1
3292,0.25,Randomized,1
3293,0.5,Randomized,0
3294,1.0,Randomized,0
3295,5.0,Randomized,0
3296,0.0,Naive,1
3297,0.025,Randomized,1
3298,0.05,Randomized,1
3299,0.1,Randomized,1
3300,0.25,Randomized,0
3301,0.5,Randomized,0
3302,1.0,Randomized,0
3303,5.0,Randomized,0
3304,0.0,Naive,0
3305,0.025,Randomized,0
3306,0.05,Randomized,0
3307,0.1,Randomized,0
3308,0.25,Randomized,0
3309,0.5,Randomized,0
3310,1.0,Randomized,0
3311,5.0,Randomized,0
3312,0.0,Naive,1
3313,0.025,Randomized,1
3314,0.05,Randomized,1
3315,0.1,Randomized,1
3316,0.25,Randomized,1
3317,0.5,Randomized,1
3318,1.0,Randomized,0
3319,5.0,Randomized,0
3320,0.0,Naive,1
3321,0.025,Randomized,1
3322,0.05,Randomized,1
3323,0.1,Randomized,1
3324,0.25,Randomized,1
3325,0.5,Randomized,0
3326,1.0,Randomized,0
3327,5.0,Randomized,0
3328,0.0,Naive,0
3329,0.025,Randomized,0
3330,0.05,Randomized,0
3331,0.1,Randomized,1
3332,0.25,Randomized,1
3333,0.5,Randomized,0
3334,1.0,Randomized,0
3335,5.0,Randomized,0
3336,0.0,Naive,1
3337,0.025,Randomized,1
3338,0.05,Randomized,1
3339,0.1,Randomized,1
3340,0.25,Randomized,1
3341,0.5,Randomized,1
3342,1.0,Randomized,0
3343,5.0,Randomized,0
3344,0.0,Naive,1
3345,0.025,Randomized,1
3346,0.05,Randomized,1
3347,0.1,Randomized,1
3348,0.25,Randomized,1
3349,0.5,Randomized,0
3350,1.0,Randomized,0
3351,5.0,Randomized,0
3352,0.0,Naive,1
3353,0.025,Randomized,1
3354,0.05,Randomized,1
3355,0.1,Randomized,1
3356,0.25,Randomized,0
3357,0.5,Randomized,0
3358,1.0,Randomized,0
3359,5.0,Randomized,0
3360,0.0,Naive,1
3361,0.025,Randomized,1
3362,0.05,Randomized,1
3363,0.1,Randomized,1
3364,0.25,Randomized,1
3365,0.5,Randomized,0
3366,1.0,Randomized,0
3367,5.0,Randomized,0
3368,0.0,Naive,1
3369,0.025,Randomized,1
3370,0.05,Randomized,1
3371,0.1,Randomized,1
3372,0.25,Randomized,0
3373,0.5,Randomized,0
3374,1.0,Randomized,0
3375,5.0,Randomized,0
3376,0.0,Naive,1
3377,0.025,Randomized,1
3378,0.05,Randomized,1
3379,0.1,Randomized,1
3380,0.25,Randomized,1
3381,0.5,Randomized,0
3382,1.0,Randomized,0
3383,5.0,Randomized,0
3384,0.0,Naive,1
3385,0.025,Randomized,1
3386,0.05,Randomized,1
3387,0.1,Randomized,1
3388,0.25,Randomized,1
3389,0.5,Randomized,0
3390,1.0,Randomized,0
3391,5.0,Randomized,0
3392,0.0,Naive,1
3393,0.025,Randomized,1
3394,0.05,Randomized,1
3395,0.1,Randomized,1
3396,0.25,Randomized,1
3397,0.5,Randomized,0
3398,1.0,Randomized,0
3399,5.0,Randomized,0
3400,0.0,Naive,1
3401,0.025,Randomized,1
3402,0.05,Randomized,1
3403,0.1,Randomized,1
3404,0.25,Randomized,0
3405,0.5,Randomized,0
3406,1.0,Randomized,0
3407,5.0,Randomized,0
3408,0.0,Naive,1
3409,0.025,Randomized,1
3410,0.05,Randomized,1
3411,0.1,Randomized,1
3412,0.25,Randomized,0
3413,0.5,Randomized,0
3414,1.0,Randomized,0
3415,5.0,Randomized,0
3416,0.0,Naive,1
3417,0.025,Randomized,1
3418,0.05,Randomized,1
3419,0.1,Randomized,1
3420,0.25,Randomized,1
3421,0.5,Randomized,1
3422,1.0,Randomized,0
3423,5.0,Randomized,0
3424,0.0,Naive,1
3425,0.025,Randomized,1
3426,0.05,Randomized,1
3427,0.1,Randomized,1
3428,0.25,Randomized,1
3429,0.5,Randomized,0
3430,1.0,Randomized,0
3431,5.0,Randomized,0
3432,0.0,Naive,1
3433,0.025,Randomized,1
3434,0.05,Randomized,1
3435,0.1,Randomized,1
3436,0.25,Randomized,0
3437,0.5,Randomized,0
3438,1.0,Randomized,0
3439,5.0,Randomized,0
3440,0.0,Naive,1
3441,0.025,Randomized,1
3442,0.05,Randomized,1
3443,0.1,Randomized,1
3444,0.25,Randomized,1
3445,0.5,Randomized,0
3446,1.0,Randomized,0
3447,5.0,Randomized,0
3448,0.0,Naive,0
3449,0.025,Randomized,0
3450,0.05,Randomized,0
3451,0.1,Randomized,0
3452,0.25,Randomized,1
3453,0.5,Randomized,0
3454,1.0,Randomized,0
3455,5.0,Randomized,0
3456,0.0,Naive,1
3457,0.025,Randomized,1
3458,0.05,Randomized,1
3459,0.1,Randomized,0
3460,0.25,Randomized,0
3461,0.5,Randomized,0
3462,1.0,Randomized,0
3463,5.0,Randomized,0
3464,0.0,Naive,1
3465,0.025,Randomized,1
3466,0.05,Randomized,1
3467,0.1,Randomized,1
3468,0.25,Randomized,0
3469,0.5,Randomized,0
3470,1.0,Randomized,0
3471,5.0,Randomized,0
3472,0.0,Naive,1
3473,0.025,Randomized,1
3474,0.05,Randomized,1
3475,0.1,Randomized,1
3476,0.25,Randomized,1
3477,0.5,Randomized,0
3478,1.0,Randomized,0
3479,5.0,Randomized,0
3480,0.0,Naive,1
3481,0.025,Randomized,1
3482,0.05,Randomized,1
3483,0.1,Randomized,1
3484,0.25,Randomized,0
3485,0.5,Randomized,0
3486,1.0,Randomized,0
3487,5.0,Randomized,0
3488,0.0,Naive,1
3489,0.025,Randomized,1
3490,0.05,Randomized,1
3491,0.1,Randomized,1
3492,0.25,Randomized,1
3493,0.5,Randomized,1
3494,1.0,Randomized,0
3495,5.0,Randomized,0
3496,0.0,Naive,1
3497,0.025,Randomized,1
3498,0.05,Randomized,1
3499,0.1,Randomized,1
3500,0.25,Randomized,0
3501,0.5,Randomized,0
3502,1.0,Randomized,0
3503,5.0,Randomized,0
3504,0.0,Naive,1
3505,0.025,Randomized,1
3506,0.05,Randomized,1
3507,0.1,Randomized,1
3508,0.25,Randomized,1
3509,0.5,Randomized,0
3510,1.0,Randomized,0
3511,5.0,Randomized,0
3512,0.0,Naive,1
3513,0.025,Randomized,1
3514,0.05,Randomized,1
3515,0.1,Randomized,1
3516,0.25,Randomized,1
3517,0.5,Randomized,1
3518,1.0,Randomized,0
3519,5.0,Randomized,0
3520,0.0,Naive,1
3521,0.025,Randomized,1
3522,0.05,Randomized,1
3523,0.1,Randomized,1
3524,0.25,Randomized,1
3525,0.5,Randomized,0
3526,1.0,Randomized,0
3527,5.0,Randomized,0
3528,0.0,Naive,1
3529,0.025,Randomized,1
3530,0.05,Randomized,1
3531,0.1,Randomized,1
3532,0.25,Randomized,0
3533,0.5,Randomized,0
3534,1.0,Randomized,0
3535,5.0,Randomized,0
3536,0.0,Naive,1
3537,0.025,Randomized,1
3538,0.05,Randomized,1
3539,0.1,Randomized,1
3540,0.25,Randomized,0
3541,0.5,Randomized,0
3542,1.0,Randomized,0
3543,5.0,Randomized,0
3544,0.0,Naive,1
3545,0.025,Randomized,1
3546,0.05,Randomized,1
3547,0.1,Randomized,1
3548,0.25,Randomized,1
3549,0.5,Randomized,0
3550,1.0,Randomized,0
3551,5.0,Randomized,0
3552,0.0,Naive,1
3553,0.025,Randomized,1
3554,0.05,Randomized,1
3555,0.1,Randomized,1
3556,0.25,Randomized,0
3557,0.5,Randomized,0
3558,1.0,Randomized,0
3559,5.0,Randomized,0
3560,0.0,Naive,1
3561,0.025,Randomized,1
3562,0.05,Randomized,1
3563,0.1,Randomized,1
3564,0.25,Randomized,1
3565,0.5,Randomized,0
3566,1.0,Randomized,0
3567,5.0,Randomized,0
3568,0.0,Naive,0
3569,0.025,Randomized,0
3570,0.05,Randomized,0
3571,0.1,Randomized,0
3572,0.25,Randomized,0
3573,0.5,Randomized,0
3574,1.0,Randomized,0
3575,5.0,Randomized,0
3576,0.0,Naive,1
3577,0.025,Randomized,1
3578,0.05,Randomized,1
3579,0.1,Randomized,1
3580,0.25,Randomized,1
3581,0.5,Randomized,0
3582,1.0,Randomized,0
3583,5.0,Randomized,0
3584,0.0,Naive,1
3585,0.025,Randomized,1
3586,0.05,Randomized,1
3587,0.1,Randomized,1
3588,0.25,Randomized,0
3589,0.5,Randomized,0
3590,1.0,Randomized,0
3591,5.0,Randomized,0
3592,0.0,Naive,1
3593,0.025,Randomized,1
3594,0.05,Randomized,1
3595,0.1,Randomized,1
3596,0.25,Randomized,0
3597,0.5,Randomized,0
3598,1.0,Randomized,0
3599,5.0,Randomized,0
3600,0.0,Naive,1
3601,0.025,Randomized,1
3602,0.05,Randomized,1
3603,0.1,Randomized,1
3604,0.25,Randomized,1
3605,0.5,Randomized,0
3606,1.0,Randomized,0
3607,5.0,Randomized,0
3608,0.0,Naive,1
3609,0.025,Randomized,1
3610,0.05,Randomized,1
3611,0.1,Randomized,1
3612,0.25,Randomized,1
3613,0.5,Randomized,0
3614,1.0,Randomized,0
3615,5.0,Randomized,0
3616,0.0,Naive,1
3617,0.025,Randomized,1
3618,0.05,Randomized,1
3619,0.1,Randomized,1
3620,0.25,Randomized,0
3621,0.5,Randomized,0
3622,1.0,Randomized,0
3623,5.0,Randomized,0
3624,0.0,Naive,1
3625,0.025,Randomized,1
3626,0.05,Randomized,1
3627,0.1,Randomized,1
3628,0.25,Randomized,0
3629,0.5,Randomized,0
3630,1.0,Randomized,0
3631,5.0,Randomized,0
3632,0.0,Naive,1
3633,0.025,Randomized,1
3634,0.05,Randomized,1
3635,0.1,Randomized,1
3636,0.25,Randomized,0
3637,0.5,Randomized,0
3638,1.0,Randomized,0
3639,5.0,Randomized,0
3640,0.0,Naive,1
3641,0.025,Randomized,1
3642,0.05,Randomized,1
3643,0.1,Randomized,1
3644,0.25,Randomized,0
3645,0.5,Randomized,0
3646,1.0,Randomized,0
3647,5.0,Randomized,0
3648,0.0,Naive,1
3649,0.025,Randomized,1
3650,0.05,Randomized,1
3651,0.1,Randomized,1
3652,0.25,Randomized,1
3653,0.5,Randomized,1
3654,1.0,Randomized,0
3655,5.0,Randomized,0
3656,0.0,Naive,1
3657,0.025,Randomized,1
3658,0.05,Randomized,1
3659,0.1,Randomized,0
3660,0.25,Randomized,0
3661,0.5,Randomized,0
3662,1.0,Randomized,0
3663,5.0,Randomized,0
3664,0.0,Naive,1
3665,0.025,Randomized,1
3666,0.05,Randomized,1
3667,0.1,Randomized,1
3668,0.25,Randomized,1
3669,0.5,Randomized,0
3670,1.0,Randomized,0
3671,5.0,Randomized,0
3672,0.0,Naive,1
3673,0.025,Randomized,1
3674,0.05,Randomized,1
3675,0.1,Randomized,1
3676,0.25,Randomized,1
3677,0.5,Randomized,1
3678,1.0,Randomized,0
3679,5.0,Randomized,0
3680,0.0,Naive,1
3681,0.025,Randomized,1
3682,0.05,Randomized,1
3683,0.1,Randomized,1
3684,0.25,Randomized,0
3685,0.5,Randomized,0
3686,1.0,Randomized,0
3687,5.0,Randomized,0
3688,0.0,Naive,1
3689,0.025,Randomized,1
3690,0.05,Randomized,0
3691,0.1,Randomized,0
3692,0.25,Randomized,0
3693,0.5,Randomized,0
3694,1.0,Randomized,0
3695,5.0,Randomized,0
3696,0.0,Naive,1
3697,0.025,Randomized,1
3698,0.05,Randomized,1
3699,0.1,Randomized,1
3700,0.25,Randomized,0
3701,0.5,Randomized,0
3702,1.0,Randomized,0
3703,5.0,Randomized,0
3704,0.0,Naive,1
3705,0.025,Randomized,1
3706,0.05,Randomized,1
3707,0.1,Randomized,1
3708,0.25,Randomized,1
3709,0.5,Randomized,0
3710,1.0,Randomized,0
3711,5.0,Randomized,0
3712,0.0,Naive,1
3713,0.025,Randomized,1
3714,0.05,Randomized,1
3715,0.1,Randomized,1
3716,0.25,Randomized,1
3717,0.5,Randomized,1
3718,1.0,Randomized,0
3719,5.0,Randomized,0
3720,0.0,Naive,1
3721,0.025,Randomized,1
3722,0.05,Randomized,1
3723,0.1,Randomized,1
3724,0.25,Randomized,0
3725,0.5,Randomized,0
3726,1.0,Randomized,0
3727,5.0,Randomized,0
3728,0.0,Naive,1
3729,0.025,Randomized,1
3730,0.05,Randomized,1
3731,0.1,Randomized,1
3732,0.25,Randomized,0
3733,0.5,Randomized,0
3734,1.0,Randomized,0
3735,5.0,Randomized,0
3736,0.0,Naive,1
3737,0.025,Randomized,1
3738,0.05,Randomized,1
3739,0.1,Randomized,1
3740,0.25,Randomized,1
3741,0.5,Randomized,1
3742,1.0,Randomized,0
3743,5.0,Randomized,0
3744,0.0,Naive,1
3745,0.025,Randomized,1
3746,0.05,Randomized,1
3747,0.1,Randomized,1
3748,0.25,Randomized,0
3749,0.5,Randomized,0
3750,1.0,Randomized,0
3751,5.0,Randomized,0
3752,0.0,Naive,1
3753,0.025,Randomized,1
3754,0.05,Randomized,1
3755,0.1,Randomized,0
3756,0.25,Randomized,1
3757,0.5,Randomized,0
3758,1.0,Randomized,0
3759,5.0,Randomized,0
3760,0.0,Naive,1
3761,0.025,Randomized,1
3762,0.05,Randomized,1
3763,0.1,Randomized,0
3764,0.25,Randomized,0
3765,0.5,Randomized,0
3766,1.0,Randomized,0
3767,5.0,Randomized,0
3768,0.0,Naive,1
3769,0.025,Randomized,1
3770,0.05,Randomized,1
3771,0.1,Randomized,1
3772,0.25,Randomized,0
3773,0.5,Randomized,0
3774,1.0,Randomized,0
3775,5.0,Randomized,0
3776,0.0,Naive,0
3777,0.025,Randomized,0
3778,0.05,Randomized,0
3779,0.1,Randomized,0
3780,0.25,Randomized,0
3781,0.5,Randomized,0
3782,1.0,Randomized,0
3783,5.0,Randomized,0
3784,0.0,Naive,1
3785,0.025,Randomized,1
3786,0.05,Randomized,1
3787,0.1,Randomized,1
3788,0.25,Randomized,1
3789,0.5,Randomized,0
3790,1.0,Randomized,0
3791,5.0,Randomized,0
3792,0.0,Naive,1
3793,0.025,Randomized,1
3794,0.05,Randomized,1
3795,0.1,Randomized,1
3796,0.25,Randomized,0
3797,0.5,Randomized,0
3798,1.0,Randomized,0
3799,5.0,Randomized,0
3800,0.0,Naive,1
3801,0.025,Randomized,1
3802,0.05,Randomized,1
3803,0.1,Randomized,1
3804,0.25,Randomized,0
3805,0.5,Randomized,0
3806,1.0,Randomized,0
3807,5.0,Randomized,0
3808,0.0,Naive,1
3809,0.025,Randomized,1
3810,0.05,Randomized,1
3811,0.1,Randomized,1
3812,0.25,Randomized,1
3813,0.5,Randomized,0
3814,1.0,Randomized,0
3815,5.0,Randomized,0
3816,0.0,Naive,1
3817,0.025,Randomized,0
3818,0.05,Randomized,0
3819,0.1,Randomized,0
3820,0.25,Randomized,0
3821,0.5,Randomized,0
3822,1.0,Randomized,0
3823,5.0,Randomized,0
3824,0.0,Naive,1
3825,0.025,Randomized,1
3826,0.05,Randomized,1
3827,0.1,Randomized,1
3828,0.25,Randomized,0
3829,0.5,Randomized,0
3830,1.0,Randomized,0
3831,5.0,Randomized,0
3832,0.0,Naive,1
3833,0.025,Randomized,1
3834,0.05,Randomized,1
3835,0.1,Randomized,1
3836,0.25,Randomized,1
3837,0.5,Randomized,0
3838,1.0,Randomized,0
3839,5.0,Randomized,0
3840,0.0,Naive,1
3841,0.025,Randomized,1
3842,0.05,Randomized,1
3843,0.1,Randomized,1
3844,0.25,Randomized,1
3845,0.5,Randomized,0
3846,1.0,Randomized,0
3847,5.0,Randomized,0
3848,0.0,Naive,1
3849,0.025,Randomized,1
3850,0.05,Randomized,1
3851,0.1,Randomized,1
3852,0.25,Randomized,1
3853,0.5,Randomized,1
3854,1.0,Randomized,0
3855,5.0,Randomized,0
3856,0.0,Naive,1
3857,0.025,Randomized,1
3858,0.05,Randomized,1
3859,0.1,Randomized,1
3860,0.25,Randomized,1
3861,0.5,Randomized,0
3862,1.0,Randomized,0
3863,5.0,Randomized,0
3864,0.0,Naive,1
3865,0.025,Randomized,1
3866,0.05,Randomized,1
3867,0.1,Randomized,1
3868,0.25,Randomized,1
3869,0.5,Randomized,0
3870,1.0,Randomized,0
3871,5.0,Randomized,0
3872,0.0,Naive,1
3873,0.025,Randomized,1
3874,0.05,Randomized,1
3875,0.1,Randomized,1
3876,0.25,Randomized,0
3877,0.5,Randomized,0
3878,1.0,Randomized,0
3879,5.0,Randomized,0
3880,0.0,Naive,1
3881,0.025,Randomized,1
3882,0.05,Randomized,1
3883,0.1,Randomized,1
3884,0.25,Randomized,1
3885,0.5,Randomized,0
3886,1.0,Randomized,0
3887,5.0,Randomized,0
3888,0.0,Naive,1
3889,0.025,Randomized,1
3890,0.05,Randomized,1
3891,0.1,Randomized,0
3892,0.25,Randomized,1
3893,0.5,Randomized,0
3894,1.0,Randomized,0
3895,5.0,Randomized,0
3896,0.0,Naive,1
3897,0.025,Randomized,1
3898,0.05,Randomized,1
3899,0.1,Randomized,1
3900,0.25,Randomized,1
3901,0.5,Randomized,1
3902,1.0,Randomized,0
3903,5.0,Randomized,0
3904,0.0,Naive,1
3905,0.025,Randomized,1
3906,0.05,Randomized,1
3907,0.1,Randomized,1
3908,0.25,Randomized,1
3909,0.5,Randomized,0
3910,1.0,Randomized,0
3911,5.0,Randomized,0
3912,0.0,Naive,1
3913,0.025,Randomized,1
3914,0.05,Randomized,1
3915,0.1,Randomized,1
3916,0.25,Randomized,0
3917,0.5,Randomized,1
3918,1.0,Randomized,0
3919,5.0,Randomized,0
3920,0.0,Naive,1
3921,0.025,Randomized,1
3922,0.05,Randomized,1
3923,0.1,Randomized,1
3924,0.25,Randomized,1
3925,0.5,Randomized,0
3926,1.0,Randomized,0
3927,5.0,Randomized,0
3928,0.0,Naive,1
3929,0.025,Randomized,1
3930,0.05,Randomized,0
3931,0.1,Randomized,1
3932,0.25,Randomized,0
3933,0.5,Randomized,0
3934,1.0,Randomized,0
3935,5.0,Randomized,0
3936,0.0,Naive,1
3937,0.025,Randomized,1
3938,0.05,Randomized,1
3939,0.1,Randomized,1
3940,0.25,Randomized,0
3941,0.5,Randomized,0
3942,1.0,Randomized,0
3943,5.0,Randomized,0
3944,0.0,Naive,1
3945,0.025,Randomized,1
3946,0.05,Randomized,1
3947,0.1,Randomized,1
3948,0.25,Randomized,1
3949,0.5,Randomized,1
3950,1.0,Randomized,0
3951,5.0,Randomized,0
3952,0.0,Naive,0
3953,0.025,Randomized,0
3954,0.05,Randomized,0
3955,0.1,Randomized,0
3956,0.25,Randomized,0
3957,0.5,Randomized,0
3958,1.0,Randomized,0
3959,5.0,Randomized,0
3960,0.0,Naive,1
3961,0.025,Randomized,1
3962,0.05,Randomized,1
3963,0.1,Randomized,1
3964,0.25,Randomized,1
3965,0.5,Randomized,0
3966,1.0,Randomized,0
3967,5.0,Randomized,0
3968,0.0,Naive,1
3969,0.025,Randomized,1
3970,0.05,Randomized,1
3971,0.1,Randomized,1
3972,0.25,Randomized,0
3973,0.5,Randomized,0
3974,1.0,Randomized,0
3975,5.0,Randomized,0
3976,0.0,Naive,1
3977,0.025,Randomized,1
3978,0.05,Randomized,1
3979,0.1,Randomized,1
3980,0.25,Randomized,0
3981,0.5,Randomized,0
3982,1.0,Randomized,0
3983,5.0,Randomized,0
3984,0.0,Naive,1
3985,0.025,Randomized,1
3986,0.05,Randomized,1
3987,0.1,Randomized,1
3988,0.25,Randomized,0
3989,0.5,Randomized,1
3990,1.0,Randomized,0
3991,5.0,Randomized,0
3992,0.0,Naive,1
3993,0.025,Randomized,1
3994,0.05,Randomized,1
3995,0.1,Randomized,1
3996,0.25,Randomized,1
3997,0.5,Randomized,0
3998,1.0,Randomized,0
3999,5.0,Randomized,0
